"0","196","1502"
"1","138","2323"
"2","120","1307"
"3","82","3973"
"4","103","2153"
"5","29","807"
"6","145","2773"
"7","46","652"
"8","188","3642"
"9","32","3040"
"10","178","2276"
"11","139","2291"
"12","47","2689"
"13","135","3549"
"14","52","3986"
"15","73","1054"
"16","148","3642"
"17","49","2109"
"18","99","1254"
"19","198","296"
"20","73","971"
"21","36","3444"
"22","36","3759"
"23","133","3378"
"24","138","3926"
"25","182","2508"
"26","158","3997"
"27","62","3274"
"28","148","2030"
"29","164","3167"
"30","81","1486"
"31","26","3598"
"32","21","365"
"33","112","1721"
"34","141","2815"
"35","155","3447"
"36","147","2120"
"37","127","429"
"38","117","1305"
"39","110","3558"
"40","147","498"
"41","137","1416"
"42","135","193"
"43","58","1274"
"44","193","1863"
"45","107","2158"
"46","87","3210"
"47","23","1163"
"48","55","1966"
"49","0","2793"
"50","157","2623"
"51","15","1056"
"52","115","554"
"53","191","3480"
"54","137","1614"
"55","36","2495"
"56","169","746"
"57","43","1416"
"58","116","3642"
"59","197","1956"
"60","115","1398"
"61","155","2132"
"62","87","2609"
"63","54","1016"
"64","54","3169"
"65","162","182"
"66","59","244"
"67","121","2366"
"68","20","3960"
"69","124","146"
"70","107","3862"
"71","151","1620"
"72","50","3796"
"73","75","3249"
"74","126","3499"
"75","87","2198"
"76","170","996"
"77","122","3502"
"78","75","2025"
"79","30","2666"
"80","125","2425"
"81","148","1774"
"82","48","1602"
"83","178","2985"
"84","12","2223"
"85","127","3404"
"86","195","3763"
"87","99","3987"
"88","79","3499"
"89","174","3169"
"90","1","281"
"91","120","2815"
"92","179","3452"
"93","36","818"
"94","113","2687"
"95","55","1084"
"96","173","806"
"97","139","1754"
"98","21","3533"
"99","175","3319"
"100","33","931"
"101","93","2465"
"102","38","2295"
"103","126","306"
"104","122","2441"
"105","147","2199"
"106","18","172"
"107","110","1183"
"108","107","3062"
"109","114","3495"
"110","107","3228"
"111","83","3716"
"112","166","3380"
"113","132","2846"
"114","197","40"
"115","78","1485"
"116","159","2728"
"117","0","528"
"118","3","1307"
"119","30","3869"
"120","175","1893"
"121","157","1190"
"122","136","1868"
"123","75","1712"
"124","24","1523"
"125","187","2207"
"126","156","3640"
"127","199","3686"
"128","164","3044"
"129","109","2202"
"130","157","682"
"131","148","95"
"132","27","821"
"133","10","1914"
"134","147","3783"
"135","197","1325"
"136","41","668"
"137","178","757"
"138","106","3972"
"139","21","745"
"140","142","3950"
"141","47","969"
"142","20","1552"
"143","98","83"
"144","169","3528"
"145","40","1393"
"146","137","512"
"147","158","1710"
"148","45","3309"
"149","94","294"
"150","14","1297"
"151","73","2644"
"152","8","3539"
"153","19","1765"
"154","22","2502"
"155","36","2145"
"156","44","818"
"157","134","239"
"158","147","2418"
"159","21","590"
"160","34","1068"
"161","1","954"
"162","189","3116"
"163","190","2400"
"164","51","3972"
"165","148","2747"
"166","68","2058"
"167","194","2031"
"168","127","2915"
"169","161","1142"
"170","86","3630"
"171","113","722"
"172","19","1649"
"173","135","3501"
"174","52","3495"
"175","125","3735"
"176","158","3983"
"177","108","2947"
"178","49","3605"
"179","144","2323"
"180","31","2715"
"181","130","464"
"182","15","650"
"183","104","3576"
"184","71","2703"
"185","134","3265"
"186","155","536"
"187","13","603"
"188","13","887"
"189","101","3399"
"190","113","2153"
"191","88","2566"
"192","167","3271"
"193","187","1"
"194","71","492"
"195","193","1844"
"196","191","3014"
"197","108","683"
"198","187","2972"
"199","67","663"
"200","74","872"
"201","61","303"
"202","169","239"
"203","192","3350"
"204","183","1242"
"205","106","433"
"206","143","1184"
"207","15","3640"
"208","2","707"
"209","99","2972"
"210","109","2957"
"211","75","1657"
"212","196","1723"
"213","68","2687"
"214","74","971"
"215","94","2148"
"216","15","998"
"217","107","105"
"218","18","3716"
"219","150","3996"
"220","66","3884"
"221","12","887"
"222","162","2677"
"223","8","2961"
"224","133","2272"
"225","188","1554"
"226","100","3626"
"227","158","3420"
"228","85","3542"
"229","79","2732"
"230","117","3383"
"231","173","3267"
"232","6","599"
"233","10","86"
"234","183","3185"
"235","183","3920"
"236","95","3729"
"237","33","1960"
"238","197","1157"
"239","192","2545"
"240","185","1717"
"241","3","3221"
"242","90","2738"
"243","49","3158"
"244","171","2"
"245","4","3553"
"246","143","3002"
"247","165","497"
"248","145","3476"
"249","106","2559"
"250","145","979"
"251","133","473"
"252","32","1526"
"253","102","717"
"254","6","290"
"255","102","589"
"256","18","1301"
"257","82","3054"
"258","127","2064"
"259","7","1591"
"260","158","2827"
"261","192","3814"
"262","120","2665"
"263","4","2294"
"264","126","2143"
"265","141","320"
"266","98","2931"
"267","63","2486"
"268","165","2634"
"269","98","2461"
"270","101","3320"
"271","127","1878"
"272","92","1"
"273","198","1131"
"274","138","1961"
"275","88","3767"
"276","5","1603"
"277","82","154"
"278","71","3031"
"279","186","251"
"280","49","385"
"281","20","2281"
"282","198","505"
"283","12","1850"
"284","76","2559"
"285","29","2339"
"286","44","599"
"287","35","2634"
"288","147","3653"
"289","193","687"
"290","159","1266"
"291","78","2943"
"292","199","479"
"293","130","1577"
"294","77","1115"
"295","119","609"
"296","189","3946"
"297","75","2172"
"298","181","3350"
"299","82","1546"
"300","36","2849"
"301","42","2558"
"302","87","2957"
"303","29","3108"
"304","185","2737"
"305","42","1444"
"306","143","707"
"307","169","3267"
"308","41","3056"
"309","142","2647"
"310","125","2961"
"311","81","3631"
"312","196","1954"
"313","13","3074"
"314","27","3989"
"315","178","3467"
"316","191","1055"
"317","38","1948"
"318","169","3803"
"319","160","3392"
"320","56","2111"
"321","92","3543"
"322","40","3722"
"323","138","629"
"324","4","3686"
"325","92","356"
"326","71","2066"
"327","35","2216"
"328","125","1458"
"329","79","1596"
"330","75","938"
"331","16","2454"
"332","28","3734"
"333","145","2444"
"334","34","3843"
"335","156","293"
"336","139","1892"
"337","161","20"
"338","118","1776"
"339","157","3645"
"340","23","2682"
"341","64","3062"
"342","16","2283"
"343","76","862"
"344","96","3739"
"345","105","2375"
"346","149","3993"
"347","156","343"
"348","40","3413"
"349","85","1986"
"350","10","2115"
"351","180","1603"
"352","83","2225"
"353","109","2731"
"354","151","3033"
"355","87","2350"
"356","161","3627"
"357","174","2868"
"358","75","385"
"359","100","3144"
"360","199","516"
"361","6","479"
"362","43","2580"
"363","156","672"
"364","136","2237"
"365","179","1084"
"366","167","3637"
"367","84","247"
"368","121","1474"
"369","75","3528"
"370","96","3395"
"371","135","3759"
"372","70","3711"
"373","22","505"
"374","5","2222"
"375","151","1344"
"376","102","3958"
"377","1","3114"
"378","61","686"
"379","94","1911"
"380","146","663"
"381","127","444"
"382","16","901"
"383","153","3393"
"384","186","2342"
"385","36","3211"
"386","81","2792"
"387","29","423"
"388","49","1108"
"389","26","3631"
"390","13","315"
"391","115","2644"
"392","77","781"
"393","26","1741"
"394","8","3702"
"395","29","636"
"396","32","1782"
"397","168","2758"
"398","163","3577"
"399","59","2021"
"400","192","2777"
"401","174","3218"
"402","146","3139"
"403","78","1589"
"404","145","3577"
"405","65","940"
"406","112","2685"
"407","154","717"
"408","189","566"
"409","40","2705"
"410","130","849"
"411","140","3565"
"412","65","3280"
"413","129","1346"
"414","72","2289"
"415","81","3721"
"416","19","500"
"417","197","176"
"418","164","3319"
"419","2","320"
"420","159","3459"
"421","79","3909"
"422","81","557"
"423","84","1668"
"424","54","3663"
"425","144","1863"
"426","100","938"
"427","3","1775"
"428","52","2423"
"429","87","1540"
"430","35","633"
"431","135","357"
"432","156","2418"
"433","47","2304"
"434","125","500"
"435","131","594"
"436","137","3279"
"437","61","2135"
"438","116","1278"
"439","159","480"
"440","165","1142"
"441","69","3289"
"442","62","1588"
"443","164","108"
"444","36","1540"
"445","78","1914"
"446","91","3960"
"447","21","1264"
"448","106","2141"
"449","181","453"
"450","130","299"
"451","63","489"
"452","146","898"
"453","76","8"
"454","110","2838"
"455","114","3060"
"456","71","2849"
"457","66","175"
"458","54","137"
"459","10","3437"
"460","90","3170"
"461","93","2009"
"462","58","3563"
"463","97","631"
"464","35","3676"
"465","196","497"
"466","161","346"
"467","180","2535"
"468","170","3884"
"469","63","1867"
"470","28","3540"
"471","46","509"
"472","26","1353"
"473","193","2165"
"474","160","2345"
"475","157","3918"
"476","162","2655"
"477","172","1873"
"478","102","882"
"479","181","2570"
"480","10","1551"
"481","14","1705"
"482","68","2639"
"483","95","1388"
"484","191","2090"
"485","48","410"
"486","13","1930"
"487","124","672"
"488","142","3642"
"489","166","2568"
"490","110","606"
"491","187","3677"
"492","38","1545"
"493","160","2463"
"494","24","294"
"495","103","3320"
"496","53","1677"
"497","29","2254"
"498","191","3630"
"499","157","2663"
"500","156","3540"
"501","198","1692"
"502","79","887"
"503","149","207"
"504","14","1931"
"505","134","3504"
"506","21","2711"
"507","125","1513"
"508","57","1307"
"509","95","1984"
"510","82","805"
"511","142","93"
"512","152","2139"
"513","68","3309"
"514","120","2375"
"515","15","453"
"516","177","3007"
"517","34","2412"
"518","47","3799"
"519","157","1013"
"520","33","918"
"521","89","1082"
"522","135","3436"
"523","117","118"
"524","141","3473"
"525","183","2355"
"526","10","2042"
"527","24","235"
"528","25","1198"
"529","6","2541"
"530","100","2332"
"531","4","2920"
"532","199","3140"
"533","188","3084"
"534","175","230"
"535","137","1"
"536","23","959"
"537","100","2983"
"538","28","3577"
"539","84","1026"
"540","16","598"
"541","119","2314"
"542","104","3470"
"543","81","2366"
"544","136","1304"
"545","153","3746"
"546","167","2388"
"547","170","2575"
"548","114","3059"
"549","2","3893"
"550","134","3471"
"551","28","2996"
"552","154","1658"
"553","41","3531"
"554","179","3514"
"555","52","823"
"556","101","1523"
"557","162","2"
"558","45","1061"
"559","26","2069"
"560","5","1220"
"561","5","2272"
"562","131","1564"
"563","149","3032"
"564","86","2224"
"565","36","1765"
"566","80","3626"
"567","74","2868"
"568","112","1694"
"569","12","1779"
"570","87","1764"
"571","122","3415"
"572","187","2509"
"573","131","1701"
"574","132","1437"
"575","74","3292"
"576","181","3319"
"577","60","3931"
"578","162","12"
"579","74","2083"
"580","120","2715"
"581","7","1180"
"582","107","2649"
"583","14","877"
"584","162","1334"
"585","103","539"
"586","73","3608"
"587","91","2677"
"588","34","337"
"589","199","3716"
"590","158","2769"
"591","179","2297"
"592","61","427"
"593","129","3002"
"594","59","3200"
"595","148","1550"
"596","71","1189"
"597","145","1108"
"598","112","239"
"599","50","1262"
"600","40","3590"
"601","107","2283"
"602","12","2803"
"603","46","1184"
"604","108","1346"
"605","63","1069"
"606","33","2984"
"607","70","1706"
"608","108","928"
"609","194","2051"
"610","163","2868"
"611","155","2579"
"612","141","2657"
"613","185","1305"
"614","146","3206"
"615","37","1513"
"616","158","2801"
"617","158","2129"
"618","171","3469"
"619","147","1444"
"620","80","2417"
"621","17","3550"
"622","81","2833"
"623","28","3498"
"624","187","2912"
"625","170","985"
"626","65","2733"
"627","173","2431"
"628","115","2004"
"629","131","624"
"630","128","3551"
"631","111","2691"
"632","170","1688"
"633","39","231"
"634","149","3145"
"635","89","2547"
"636","9","3124"
"637","45","1090"
"638","170","2790"
"639","17","411"
"640","38","2270"
"641","47","2970"
"642","31","1486"
"643","3","901"
"644","0","1620"
"645","171","3297"
"646","73","2971"
"647","31","1483"
"648","10","3588"
"649","8","1510"
"650","111","1257"
"651","59","551"
"652","65","394"
"653","39","1006"
"654","41","3249"
"655","183","3441"
"656","160","3926"
"657","165","702"
"658","38","3574"
"659","178","1588"
"660","16","2716"
"661","110","1069"
"662","182","2143"
"663","108","2607"
"664","112","2832"
"665","168","984"
"666","93","1721"
"667","101","3118"
"668","177","2862"
"669","184","1106"
"670","128","822"
"671","186","676"
"672","172","3604"
"673","167","1297"
"674","194","2082"
"675","88","3984"
"676","170","3575"
"677","154","2037"
"678","3","2492"
"679","31","2534"
"680","142","1788"
"681","23","3211"
"682","30","922"
"683","19","1495"
"684","111","596"
"685","106","3899"
"686","69","411"
"687","3","3604"
"688","104","411"
"689","124","3144"
"690","25","904"
"691","2","3563"
"692","148","2577"
"693","160","3486"
"694","172","3721"
"695","111","299"
"696","132","2401"
"697","142","3453"
"698","58","2281"
"699","94","1775"
"700","56","25"
"701","158","2618"
"702","168","221"
"703","19","3513"
"704","168","603"
"705","195","1500"
"706","132","799"
"707","128","1016"
"708","188","312"
"709","79","3373"
"710","176","3920"
"711","159","1007"
"712","120","3650"
"713","70","1710"
"714","75","3901"
"715","130","3409"
"716","88","2432"
"717","57","1500"
"718","190","118"
"719","142","472"
"720","64","701"
"721","81","2789"
"722","20","849"
"723","167","3349"
"724","104","3645"
"725","191","734"
"726","195","2760"
"727","115","2295"
"728","128","1453"
"729","66","1048"
"730","69","1420"
"731","185","2202"
"732","43","599"
"733","184","1657"
"734","96","3349"
"735","3","928"
"736","190","1485"
"737","57","1066"
"738","116","3778"
"739","196","2728"
"740","52","3740"
"741","176","1054"
"742","190","2076"
"743","104","1393"
"744","77","2717"
"745","168","2420"
"746","49","1992"
"747","145","3031"
"748","65","497"
"749","52","1425"
"750","191","777"
"751","93","3598"
"752","83","2080"
"753","186","375"
"754","199","566"
"755","51","1762"
"756","23","337"
"757","163","3074"
"758","163","290"
"759","34","2692"
"760","96","1290"
"761","75","3359"
"762","18","1499"
"763","3","1108"
"764","2","2943"
"765","74","1269"
"766","128","1474"
"767","196","242"
"768","2","3357"
"769","89","3919"
"770","2","3564"
"771","67","1598"
"772","107","3106"
"773","102","904"
"774","141","904"
"775","188","435"
"776","56","2972"
"777","177","1596"
"778","152","1799"
"779","78","2004"
"780","181","1878"
"781","107","251"
"782","72","1925"
"783","127","1444"
"784","170","3081"
"785","105","1633"
"786","46","1523"
"787","26","3349"
"788","155","3771"
"789","137","2330"
"790","4","1644"
"791","17","3049"
"792","22","34"
"793","11","2568"
"794","155","2622"
"795","142","429"
"796","55","3909"
"797","94","1139"
"798","105","1206"
"799","79","3901"
"800","124","3395"
"801","153","1735"
"802","112","291"
"803","131","21"
"804","190","1971"
"805","65","499"
"806","71","410"
"807","96","1026"
"808","91","3604"
"809","24","1162"
"810","111","1627"
"811","1","737"
"812","93","287"
"813","110","3185"
"814","164","2979"
"815","52","2926"
"816","124","1162"
"817","167","2454"
"818","194","1509"
"819","53","297"
"820","77","3538"
"821","188","637"
"822","109","2351"
"823","60","1232"
"824","155","470"
"825","90","970"
"826","120","769"
"827","124","1187"
"828","67","2655"
"829","170","832"
"830","5","2879"
"831","117","2833"
"832","113","370"
"833","83","3749"
"834","78","12"
"835","161","1924"
"836","101","1758"
"837","164","892"
"838","20","3998"
"839","189","2647"
"840","27","1239"
"841","146","2648"
"842","53","2790"
"843","59","2928"
"844","179","3244"
"845","76","2731"
"846","109","528"
"847","153","914"
"848","186","698"
"849","155","2030"
"850","177","428"
"851","82","3866"
"852","95","806"
"853","188","155"
"854","194","2186"
"855","67","1139"
"856","46","422"
"857","198","1315"
"858","174","20"
"859","157","2389"
"860","96","86"
"861","44","3031"
"862","182","1495"
"863","18","3758"
"864","29","3659"
"865","58","124"
"866","138","1567"
"867","196","2224"
"868","114","2790"
"869","197","2997"
"870","92","3963"
"871","21","2975"
"872","45","428"
"873","26","575"
"874","139","815"
"875","108","3686"
"876","15","1766"
"877","90","636"
"878","198","3909"
"879","119","3522"
"880","3","2819"
"881","53","2328"
"882","82","1495"
"883","163","1765"
"884","185","3300"
"885","123","63"
"886","50","1781"
"887","71","1749"
"888","52","100"
"889","55","3420"
"890","185","1297"
"891","139","1786"
"892","17","2556"
"893","109","2350"
"894","148","1"
"895","197","471"
"896","19","151"
"897","131","3096"
"898","157","1483"
"899","11","2894"
"900","193","2987"
"901","76","3142"
"902","187","1303"
"903","158","1755"
"904","144","2879"
"905","52","2202"
"906","136","1407"
"907","184","230"
"908","155","3200"
"909","156","2512"
"910","63","147"
"911","171","2760"
"912","159","3346"
"913","82","618"
"914","106","1077"
"915","97","394"
"916","15","3005"
"917","87","616"
"918","161","1712"
"919","85","3944"
"920","164","1421"
"921","97","1716"
"922","2","735"
"923","68","1096"
"924","105","2827"
"925","181","1587"
"926","131","1029"
"927","186","1355"
"928","1","3130"
"929","19","3558"
"930","68","1286"
"931","41","632"
"932","40","3882"
"933","97","944"
"934","46","3138"
"935","126","1268"
"936","94","2256"
"937","164","2161"
"938","68","586"
"939","49","261"
"940","60","2233"
"941","69","656"
"942","144","1788"
"943","132","2345"
"944","30","575"
"945","95","173"
"946","37","2004"
"947","180","790"
"948","108","2153"
"949","124","1658"
"950","74","1202"
"951","122","2937"
"952","170","2622"
"953","5","294"
"954","97","3391"
"955","16","2351"
"956","48","2104"
"957","102","2570"
"958","178","877"
"959","158","769"
"960","77","1706"
"961","121","252"
"962","107","872"
"963","80","880"
"964","51","2443"
"965","140","3074"
"966","60","590"
"967","198","3438"
"968","75","1330"
"969","192","3920"
"970","65","3539"
"971","85","820"
"972","85","3232"
"973","39","1241"
"974","91","3378"
"975","130","3210"
"976","74","2412"
"977","189","3046"
"978","129","1086"
"979","66","2047"
"980","66","3284"
"981","79","1147"
"982","75","3373"
"983","91","3547"
"984","150","2742"
"985","98","3234"
"986","155","1393"
"987","118","3543"
"988","16","2148"
"989","38","1687"
"990","20","702"
"991","179","3513"
"992","139","3326"
"993","99","3569"
"994","42","3571"
"995","84","472"
"996","126","3956"
"997","103","2969"
"998","151","1006"
"999","21","3449"
"1000","28","1820"
"1001","74","1911"
"1002","23","2077"
"1003","158","615"
"1004","38","62"
"1005","74","1282"
"1006","107","2768"
"1007","190","542"
"1008","88","758"
"1009","63","142"
"1010","123","1724"
"1011","128","682"
"1012","108","3090"
"1013","149","2234"
"1014","187","937"
"1015","25","2216"
"1016","121","3684"
"1017","121","142"
"1018","94","898"
"1019","188","1974"
"1020","77","1102"
"1021","9","2066"
"1022","61","3835"
"1023","184","2567"
"1024","166","2281"
"1025","149","957"
"1026","111","814"
"1027","77","3539"
"1028","127","3875"
"1029","39","1680"
"1030","174","2420"
"1031","159","2077"
"1032","35","619"
"1033","1","2980"
"1034","185","3373"
"1035","190","2060"
"1036","76","1266"
"1037","34","2291"
"1038","190","1512"
"1039","38","122"
"1040","165","2809"
"1041","47","2984"
"1042","66","2033"
"1043","44","2297"
"1044","148","898"
"1045","126","3378"
"1046","6","12"
"1047","73","509"
"1048","121","2109"
"1049","182","3221"
"1050","180","2803"
"1051","6","25"
"1052","69","589"
"1053","144","312"
"1054","88","2784"
"1055","49","2525"
"1056","1","3869"
"1057","42","1820"
"1058","181","190"
"1059","94","2575"
"1060","162","1669"
"1061","136","252"
"1062","55","1179"
"1063","119","3206"
"1064","143","3581"
"1065","75","2014"
"1066","44","3875"
"1067","81","3218"
"1068","24","1241"
"1069","158","3465"
"1070","108","2672"
"1071","64","1502"
"1072","74","3833"
"1073","39","2025"
"1074","113","3588"
"1075","144","505"
"1076","4","1893"
"1077","8","2233"
"1078","82","2272"
"1079","20","1180"
"1080","91","1342"
"1081","78","1339"
"1082","76","236"
"1083","79","2744"
"1084","181","1183"
"1085","160","2772"
"1086","34","588"
"1087","188","3341"
"1088","89","2525"
"1089","18","1330"
"1090","161","2116"
"1091","131","1738"
"1092","90","1591"
"1093","10","2643"
"1094","123","2991"
"1095","17","307"
"1096","69","944"
"1097","77","1665"
"1098","174","1344"
"1099","121","2033"
"1100","190","1844"
"1101","47","806"
"1102","122","1185"
"1103","70","1525"
"1104","21","1272"
"1105","126","239"
"1106","165","1821"
"1107","150","2996"
"1108","153","383"
"1109","121","602"
"1110","168","2777"
"1111","93","2454"
"1112","196","3191"
"1113","159","1688"
"1114","124","1315"
"1115","156","563"
"1116","101","661"
"1117","153","1204"
"1118","155","1893"
"1119","61","1206"
"1120","44","1836"
"1121","155","642"
"1122","126","1006"
"1123","135","155"
"1124","33","621"
"1125","188","261"
"1126","185","1290"
"1127","43","2629"
"1128","44","472"
"1129","110","291"
"1130","150","306"
"1131","50","1706"
"1132","46","2224"
"1133","198","1623"
"1134","185","212"
"1135","81","1108"
"1136","131","776"
"1137","81","3170"
"1138","116","3213"
"1139","126","3758"
"1140","111","1257"
"1141","96","649"
"1142","198","1754"
"1143","128","122"
"1144","157","3895"
"1145","127","3297"
"1146","76","2427"
"1147","14","183"
"1148","62","1898"
"1149","75","48"
"1150","37","3698"
"1151","159","173"
"1152","4","900"
"1153","34","316"
"1154","36","2376"
"1155","59","1420"
"1156","90","1764"
"1157","22","3368"
"1158","151","2254"
"1159","139","3817"
"1160","73","2020"
"1161","96","2575"
"1162","173","3498"
"1163","84","2613"
"1164","153","1751"
"1165","40","2057"
"1166","162","3013"
"1167","38","572"
"1168","142","2506"
"1169","61","3296"
"1170","98","3043"
"1171","28","563"
"1172","46","689"
"1173","112","3514"
"1174","74","656"
"1175","89","1066"
"1176","184","2223"
"1177","120","2403"
"1178","66","3944"
"1179","44","410"
"1180","64","1751"
"1181","127","948"
"1182","156","2477"
"1183","84","2272"
"1184","106","3490"
"1185","170","2874"
"1186","73","3185"
"1187","183","2764"
"1188","11","2655"
"1189","45","860"
"1190","87","1516"
"1191","181","3540"
"1192","86","907"
"1193","126","2838"
"1194","37","867"
"1195","182","1414"
"1196","48","3216"
"1197","165","3423"
"1198","65","745"
"1199","131","3553"
"1200","3","2984"
"1201","108","2168"
"1202","28","1558"
"1203","154","548"
"1204","39","943"
"1205","148","2602"
"1206","181","2477"
"1207","69","3170"
"1208","171","1781"
"1209","188","3739"
"1210","81","3194"
"1211","45","1406"
"1212","153","2350"
"1213","145","1172"
"1214","127","3705"
"1215","124","134"
"1216","192","2298"
"1217","80","1295"
"1218","42","472"
"1219","176","137"
"1220","124","1842"
"1221","44","3882"
"1222","90","298"
"1223","32","956"
"1224","49","3469"
"1225","98","990"
"1226","80","337"
"1227","32","3422"
"1228","128","777"
"1229","6","520"
"1230","23","1147"
"1231","165","3426"
"1232","148","2247"
"1233","68","3274"
"1234","92","2729"
"1235","172","3811"
"1236","25","3463"
"1237","136","1206"
"1238","89","3729"
"1239","124","2342"
"1240","40","760"
"1241","19","3514"
"1242","65","2070"
"1243","160","182"
"1244","168","3437"
"1245","104","660"
"1246","84","650"
"1247","28","3686"
"1248","128","1338"
"1249","22","3843"
"1250","109","1914"
"1251","113","1941"
"1252","190","1117"
"1253","156","3791"
"1254","142","1873"
"1255","134","2389"
"1256","85","3003"
"1257","156","3675"
"1258","182","834"
"1259","140","1291"
"1260","193","2058"
"1261","172","2286"
"1262","164","1787"
"1263","62","2028"
"1264","155","1957"
"1265","126","2832"
"1266","47","3725"
"1267","124","1627"
"1268","146","3296"
"1269","149","3956"
"1270","14","2176"
"1271","137","3095"
"1272","49","84"
"1273","75","2742"
"1274","154","548"
"1275","171","2676"
"1276","178","1301"
"1277","128","2904"
"1278","193","3866"
"1279","106","2139"
"1280","139","2773"
"1281","6","1379"
"1282","143","3336"
"1283","199","3740"
"1284","35","3441"
"1285","98","1135"
"1286","199","1485"
"1287","35","3281"
"1288","102","3065"
"1289","181","2115"
"1290","40","1224"
"1291","50","2377"
"1292","148","2912"
"1293","36","1034"
"1294","120","2256"
"1295","7","1706"
"1296","153","1929"
"1297","13","2513"
"1298","155","3118"
"1299","127","2682"
"1300","149","3238"
"1301","57","2557"
"1302","185","2042"
"1303","98","3062"
"1304","105","1178"
"1305","196","2314"
"1306","197","3271"
"1307","182","3460"
"1308","199","762"
"1309","33","3234"
"1310","111","1525"
"1311","65","2066"
"1312","145","1006"
"1313","92","1240"
"1314","91","3758"
"1315","132","606"
"1316","111","904"
"1317","62","2869"
"1318","137","3974"
"1319","104","1000"
"1320","132","1820"
"1321","163","2897"
"1322","157","255"
"1323","89","1152"
"1324","198","3571"
"1325","20","2145"
"1326","184","599"
"1327","156","2564"
"1328","129","1601"
"1329","12","2199"
"1330","37","2793"
"1331","12","3454"
"1332","108","42"
"1333","48","1812"
"1334","171","3454"
"1335","34","1304"
"1336","128","834"
"1337","162","3723"
"1338","193","3336"
"1339","60","211"
"1340","113","540"
"1341","149","3043"
"1342","57","1547"
"1343","116","1918"
"1344","97","3111"
"1345","12","2777"
"1346","3","1180"
"1347","163","3438"
"1348","176","3200"
"1349","99","3817"
"1350","177","1096"
"1351","95","3460"
"1352","73","559"
"1353","54","46"
"1354","129","1169"
"1355","147","1067"
"1356","65","1169"
"1357","109","1432"
"1358","112","2915"
"1359","46","2441"
"1360","84","3144"
"1361","198","1843"
"1362","162","2307"
"1363","119","2829"
"1364","92","2731"
"1365","25","346"
"1366","112","1996"
"1367","142","990"
"1368","25","2829"
"1369","148","1029"
"1370","160","575"
"1371","101","970"
"1372","113","3125"
"1373","124","2641"
"1374","123","1297"
"1375","135","3277"
"1376","185","1142"
"1377","61","3632"
"1378","71","683"
"1379","127","1266"
"1380","177","2239"
"1381","64","2928"
"1382","2","839"
"1383","117","2739"
"1384","72","494"
"1385","152","2021"
"1386","122","3336"
"1387","78","1281"
"1388","152","632"
"1389","183","2774"
"1390","48","2809"
"1391","177","1596"
"1392","19","1307"
"1393","74","3392"
"1394","129","1628"
"1395","115","2486"
"1396","118","511"
"1397","101","541"
"1398","193","3961"
"1399","144","3462"
"1400","70","2444"
"1401","10","1066"
"1402","137","1269"
"1403","166","423"
"1404","98","1325"
"1405","56","3564"
"1406","189","104"
"1407","137","1891"
"1408","182","1576"
"1409","74","3770"
"1410","128","3200"
"1411","105","1669"
"1412","179","3540"
"1413","3","1348"
"1414","73","2657"
"1415","158","63"
"1416","0","65"
"1417","97","1136"
"1418","160","1067"
"1419","121","2199"
"1420","36","500"
"1421","176","2082"
"1422","139","3684"
"1423","16","588"
"1424","12","3368"
"1425","41","396"
"1426","193","3473"
"1427","140","53"
"1428","58","3719"
"1429","173","598"
"1430","49","3741"
"1431","135","3013"
"1432","73","2891"
"1433","7","3938"
"1434","185","3408"
"1435","176","2809"
"1436","37","3835"
"1437","21","1918"
"1438","196","575"
"1439","26","2857"
"1440","43","1319"
"1441","186","1863"
"1442","117","124"
"1443","20","1887"
"1444","111","701"
"1445","69","2239"
"1446","155","1282"
"1447","150","909"
"1448","196","3114"
"1449","67","2294"
"1450","145","1598"
"1451","16","2731"
"1452","131","1686"
"1453","133","670"
"1454","121","2800"
"1455","42","2431"
"1456","176","617"
"1457","135","2283"
"1458","55","721"
"1459","153","1161"
"1460","28","3816"
"1461","121","520"
"1462","104","2401"
"1463","48","2364"
"1464","137","2660"
"1465","67","1906"
"1466","24","3692"
"1467","186","3687"
"1468","15","3161"
"1469","116","602"
"1470","89","746"
"1471","103","625"
"1472","30","3940"
"1473","75","1567"
"1474","113","1108"
"1475","109","3390"
"1476","26","1494"
"1477","28","1110"
"1478","79","1281"
"1479","12","2829"
"1480","54","701"
"1481","117","2366"
"1482","182","686"
"1483","182","2876"
"1484","7","3398"
"1485","157","1781"
"1486","79","385"
"1487","150","2238"
"1488","48","3563"
"1489","154","776"
"1490","33","480"
"1491","15","3882"
"1492","128","3934"
"1493","48","2517"
"1494","11","422"
"1495","162","2530"
"1496","148","1827"
"1497","51","2572"
"1498","185","85"
"1499","34","3165"
"1500","11","3654"
"1501","126","3158"
"1502","53","1764"
"1503","11","1996"
"1504","15","2298"
"1505","106","3621"
"1506","113","462"
"1507","74","649"
"1508","14","2654"
"1509","41","236"
"1510","142","3713"
"1511","31","2760"
"1512","19","1338"
"1513","180","928"
"1514","180","492"
"1515","85","346"
"1516","145","2917"
"1517","126","3657"
"1518","93","3441"
"1519","150","3668"
"1520","101","971"
"1521","117","2890"
"1522","176","1588"
"1523","21","3060"
"1524","70","1716"
"1525","40","3860"
"1526","70","3058"
"1527","146","867"
"1528","162","757"
"1529","71","2846"
"1530","167","2186"
"1531","128","3542"
"1532","52","3232"
"1533","188","2809"
"1534","180","1293"
"1535","167","1232"
"1536","56","1992"
"1537","37","632"
"1538","183","1035"
"1539","32","2256"
"1540","80","3604"
"1541","194","1478"
"1542","192","328"
"1543","62","1645"
"1544","3","1334"
"1545","62","985"
"1546","89","2431"
"1547","113","1554"
"1548","154","3402"
"1549","90","314"
"1550","164","1723"
"1551","148","2116"
"1552","15","1319"
"1553","64","3281"
"1554","153","2677"
"1555","39","3211"
"1556","55","125"
"1557","166","1414"
"1558","142","235"
"1559","42","74"
"1560","19","1929"
"1561","143","3211"
"1562","191","1996"
"1563","41","2242"
"1564","133","2502"
"1565","158","2864"
"1566","84","1981"
"1567","40","3723"
"1568","128","3502"
"1569","8","1360"
"1570","24","3031"
"1571","11","3309"
"1572","150","2057"
"1573","23","1486"
"1574","62","2352"
"1575","3","3544"
"1576","181","3586"
"1577","98","1551"
"1578","6","3100"
"1579","68","142"
"1580","78","3459"
"1581","32","1184"
"1582","22","939"
"1583","43","3381"
"1584","93","3684"
"1585","23","168"
"1586","66","3818"
"1587","114","2946"
"1588","146","3909"
"1589","177","3895"
"1590","138","1766"
"1591","169","3399"
"1592","34","3170"
"1593","75","2486"
"1594","44","971"
"1595","128","1149"
"1596","114","1692"
"1597","109","2909"
"1598","28","1993"
"1599","100","3185"
"1600","18","1321"
"1601","73","1618"
"1602","199","2103"
"1603","107","2347"
"1604","54","3234"
"1605","109","3484"
"1606","191","3312"
"1607","74","3130"
"1608","156","3502"
"1609","2","3550"
"1610","6","175"
"1611","199","1425"
"1612","9","3081"
"1613","25","1403"
"1614","64","2661"
"1615","63","3570"
"1616","94","998"
"1617","72","2917"
"1618","143","2819"
"1619","59","3753"
"1620","42","1895"
"1621","146","1686"
"1622","171","3897"
"1623","173","2256"
"1624","44","1282"
"1625","172","1309"
"1626","82","1986"
"1627","30","1001"
"1628","112","849"
"1629","134","1679"
"1630","46","1314"
"1631","62","3454"
"1632","141","637"
"1633","185","893"
"1634","191","2222"
"1635","125","242"
"1636","100","1614"
"1637","29","754"
"1638","82","603"
"1639","35","1493"
"1640","29","624"
"1641","147","1723"
"1642","156","3508"
"1643","20","1288"
"1644","126","1486"
"1645","109","2160"
"1646","78","3345"
"1647","175","2937"
"1648","63","775"
"1649","63","428"
"1650","116","3336"
"1651","70","1598"
"1652","66","1079"
"1653","86","973"
"1654","68","3297"
"1655","132","2562"
"1656","1","1738"
"1657","91","1644"
"1658","63","2233"
"1659","42","3497"
"1660","123","1692"
"1661","198","1391"
"1662","31","139"
"1663","131","3124"
"1664","117","624"
"1665","88","3630"
"1666","163","2162"
"1667","88","889"
"1668","182","572"
"1669","159","2084"
"1670","36","880"
"1671","192","472"
"1672","26","203"
"1673","74","2082"
"1674","161","583"
"1675","92","2249"
"1676","136","3783"
"1677","173","1698"
"1678","118","1344"
"1679","133","3139"
"1680","46","3577"
"1681","0","946"
"1682","94","3920"
"1683","168","312"
"1684","177","2446"
"1685","90","1787"
"1686","121","2582"
"1687","140","2365"
"1688","160","3452"
"1689","198","3947"
"1690","176","632"
"1691","22","2705"
"1692","10","1799"
"1693","191","2247"
"1694","7","1248"
"1695","126","2207"
"1696","123","1079"
"1697","63","1711"
"1698","24","957"
"1699","173","3444"
"1700","104","473"
"1701","60","1961"
"1702","151","3122"
"1703","59","635"
"1704","151","1717"
"1705","146","345"
"1706","125","2107"
"1707","21","2413"
"1708","175","1189"
"1709","156","3319"
"1710","74","3013"
"1711","166","3343"
"1712","30","53"
"1713","18","77"
"1714","165","1362"
"1715","68","3210"
"1716","34","866"
"1717","56","3843"
"1718","166","3676"
"1719","189","1158"
"1720","75","2611"
"1721","141","1804"
"1722","53","95"
"1723","173","1198"
"1724","61","3799"
"1725","62","53"
"1726","133","1575"
"1727","4","2278"
"1728","170","2557"
"1729","143","682"
"1730","105","3657"
"1731","104","2592"
"1732","98","2335"
"1733","22","2764"
"1734","70","3915"
"1735","42","3847"
"1736","38","2122"
"1737","26","3809"
"1738","101","2205"
"1739","180","3433"
"1740","115","2112"
"1741","198","2664"
"1742","86","3391"
"1743","94","3759"
"1744","89","3078"
"1745","82","877"
"1746","27","281"
"1747","51","2080"
"1748","145","3631"
"1749","118","3021"
"1750","139","2505"
"1751","126","2107"
"1752","10","2556"
"1753","111","2665"
"1754","188","632"
"1755","44","3971"
"1756","136","1863"
"1757","57","1698"
"1758","103","2135"
"1759","70","536"
"1760","28","637"
"1761","7","2125"
"1762","60","80"
"1763","103","1642"
"1764","77","1696"
"1765","56","865"
"1766","22","65"
"1767","158","2692"
"1768","123","608"
"1769","99","346"
"1770","170","1376"
"1771","0","1685"
"1772","74","1569"
"1773","94","1925"
"1774","69","2983"
"1775","140","2417"
"1776","24","88"
"1777","96","3025"
"1778","56","3359"
"1779","129","1179"
"1780","28","660"
"1781","71","3570"
"1782","63","3058"
"1783","65","512"
"1784","82","3983"
"1785","62","1117"
"1786","105","2592"
"1787","83","3428"
"1788","99","1388"
"1789","129","3377"
"1790","181","2350"
"1791","81","1619"
"1792","199","3132"
"1793","80","2033"
"1794","140","767"
"1795","84","3293"
"1796","135","3120"
"1797","93","2589"
"1798","126","2665"
"1799","23","3483"
"1800","90","1453"
"1801","175","3267"
"1802","135","2530"
"1803","85","2370"
"1804","117","1799"
"1805","65","587"
"1806","168","921"
"1807","6","104"
"1808","54","1338"
"1809","13","1793"
"1810","158","2370"
"1811","179","1581"
"1812","88","2645"
"1813","164","474"
"1814","5","649"
"1815","3","3161"
"1816","5","3453"
"1817","156","1281"
"1818","27","3882"
"1819","60","615"
"1820","9","2156"
"1821","57","2824"
"1822","153","1524"
"1823","73","1069"
"1824","36","235"
"1825","47","2"
"1826","78","2102"
"1827","77","1867"
"1828","86","1379"
"1829","113","2202"
"1830","142","3426"
"1831","198","2466"
"1832","106","2530"
"1833","48","2080"
"1834","57","3997"
"1835","105","2689"
"1836","188","2556"
"1837","57","3462"
"1838","138","2685"
"1839","27","153"
"1840","129","69"
"1841","45","1199"
"1842","103","921"
"1843","60","2508"
"1844","195","3109"
"1845","35","1388"
"1846","180","2984"
"1847","122","727"
"1848","28","3604"
"1849","145","2568"
"1850","102","2213"
"1851","159","2047"
"1852","56","38"
"1853","62","1518"
"1854","23","798"
"1855","143","504"
"1856","66","435"
"1857","128","2224"
"1858","15","2286"
"1859","21","366"
"1860","143","3640"
"1861","18","1674"
"1862","54","2476"
"1863","3","2049"
"1864","145","1548"
"1865","78","1848"
"1866","107","2634"
"1867","14","3453"
"1868","109","2188"
"1869","102","21"
"1870","171","292"
"1871","183","3032"
"1872","64","649"
"1873","190","3121"
"1874","170","3031"
"1875","164","2801"
"1876","162","2237"
"1877","87","616"
"1878","135","1587"
"1879","71","1990"
"1880","19","698"
"1881","15","3326"
"1882","175","2979"
"1883","110","3984"
"1884","53","2795"
"1885","77","938"
"1886","197","154"
"1887","75","1074"
"1888","142","1703"
"1889","184","606"
"1890","19","555"
"1891","177","2773"
"1892","153","2160"
"1893","176","3041"
"1894","167","2659"
"1895","140","3037"
"1896","162","706"
"1897","166","2821"
"1898","30","2956"
"1899","44","1266"
"1900","185","3299"
"1901","184","2340"
"1902","54","2874"
"1903","77","3827"
"1904","26","1478"
"1905","17","3236"
"1906","25","3811"
"1907","60","1210"
"1908","169","3564"
"1909","37","1486"
"1910","105","3791"
"1911","81","996"
"1912","188","3145"
"1913","17","3138"
"1914","179","2051"
"1915","73","3118"
"1916","75","1775"
"1917","41","3007"
"1918","149","3269"
"1919","41","1257"
"1920","81","3363"
"1921","116","3003"
"1922","120","2375"
"1923","63","2623"
"1924","141","337"
"1925","16","664"
"1926","100","1932"
"1927","57","1189"
"1928","102","2729"
"1929","104","1263"
"1930","48","1536"
"1931","185","1322"
"1932","147","2764"
"1933","125","1609"
"1934","5","3098"
"1935","179","1338"
"1936","155","2974"
"1937","178","1998"
"1938","137","769"
"1939","43","3783"
"1940","157","1738"
"1941","148","1339"
"1942","199","1638"
"1943","190","298"
"1944","74","1224"
"1945","9","2638"
"1946","27","3542"
"1947","146","3531"
"1948","93","2357"
"1949","174","2372"
"1950","13","2294"
"1951","182","3947"
"1952","87","3692"
"1953","81","1055"
"1954","80","1537"
"1955","177","2225"
"1956","105","2314"
"1957","32","3108"
"1958","149","3778"
"1959","140","3437"
"1960","66","480"
"1961","170","1015"
"1962","105","2251"
"1963","55","2042"
"1964","190","2789"
"1965","184","3514"
"1966","140","1257"
"1967","147","3771"
"1968","199","2155"
"1969","25","173"
"1970","177","869"
"1971","49","3281"
"1972","29","25"
"1973","160","2306"
"1974","78","1571"
"1975","193","1301"
"1976","87","2956"
"1977","50","1056"
"1978","1","3951"
"1979","6","1593"
"1980","156","25"
"1981","155","3304"
"1982","89","1506"
"1983","42","3297"
"1984","75","1281"
"1985","174","1719"
"1986","118","3377"
"1987","85","1628"
"1988","193","567"
"1989","39","1998"
"1990","69","313"
"1991","37","3999"
"1992","168","631"
"1993","158","877"
"1994","110","3590"
"1995","49","860"
"1996","15","735"
"1997","52","1703"
"1998","10","3218"
"1999","103","799"
"2000","100","3817"
"2001","82","1551"
"2002","198","1799"
"2003","81","2740"
"2004","177","175"
"2005","30","2109"
"2006","111","3615"
"2007","90","1652"
"2008","93","1791"
"2009","184","2996"
"2010","27","2004"
"2011","162","464"
"2012","131","922"
"2013","11","1263"
"2014","12","1594"
"2015","170","3149"
"2016","121","2033"
"2017","72","1163"
"2018","101","230"
"2019","35","3495"
"2020","29","706"
"2021","91","3590"
"2022","53","206"
"2023","23","777"
"2024","172","2641"
"2025","147","3221"
"2026","19","132"
"2027","69","689"
"2028","31","1139"
"2029","167","986"
"2030","83","2461"
"2031","167","2286"
"2032","178","1844"
"2033","189","373"
"2034","116","3632"
"2035","198","2144"
"2036","185","1762"
"2037","74","432"
"2038","41","554"
"2039","196","2592"
"2040","30","48"
"2041","3","2013"
"2042","36","1560"
"2043","75","1079"
"2044","0","749"
"2045","50","2036"
"2046","76","2856"
"2047","150","2304"
"2048","11","2575"
"2049","127","1108"
"2050","32","554"
"2051","152","733"
"2052","100","2302"
"2053","184","2512"
"2054","177","956"
"2055","109","554"
"2056","105","717"
"2057","109","19"
"2058","137","1308"
"2059","158","2449"
"2060","75","2636"
"2061","0","3686"
"2062","71","3433"
"2063","25","3884"
"2064","113","3561"
"2065","118","683"
"2066","34","2654"
"2067","18","30"
"2068","139","3001"
"2069","95","3312"
"2070","1","221"
"2071","22","3469"
"2072","102","2083"
"2073","67","1321"
"2074","136","2402"
"2075","110","2573"
"2076","153","1622"
"2077","145","3937"
"2078","69","3875"
"2079","104","1513"
"2080","38","2613"
"2081","14","2046"
"2082","181","734"
"2083","138","2001"
"2084","181","3132"
"2085","176","3453"
"2086","115","2537"
"2087","130","1724"
"2088","73","1954"
"2089","69","19"
"2090","104","1553"
"2091","3","1674"
"2092","12","3540"
"2093","170","3650"
"2094","56","1283"
"2095","199","1844"
"2096","36","901"
"2097","154","998"
"2098","4","2351"
"2099","142","3269"
"2100","141","1559"
"2101","149","2729"
"2102","102","3713"
"2103","49","1048"
"2104","10","3703"
"2105","69","1668"
"2106","89","805"
"2107","102","1294"
"2108","44","2125"
"2109","100","93"
"2110","3","3454"
"2111","125","2130"
"2112","82","1409"
"2113","117","312"
"2114","156","86"
"2115","191","2386"
"2116","60","522"
"2117","190","59"
"2118","129","2082"
"2119","159","1842"
"2120","114","1157"
"2121","28","2623"
"2122","188","1622"
"2123","199","2833"
"2124","123","2352"
"2125","111","3838"
"2126","155","2402"
"2127","137","3862"
"2128","178","1254"
"2129","188","3803"
"2130","164","2549"
"2131","105","2829"
"2132","137","3332"
"2133","7","3504"
"2134","197","3234"
"2135","197","2238"
"2136","133","1821"
"2137","142","1575"
"2138","172","536"
"2139","12","1103"
"2140","115","563"
"2141","55","1103"
"2142","56","2809"
"2143","142","941"
"2144","43","235"
"2145","102","1294"
"2146","82","1035"
"2147","116","3791"
"2148","99","3860"
"2149","109","3877"
"2150","174","1135"
"2151","95","616"
"2152","76","821"
"2153","100","3731"
"2154","102","448"
"2155","46","1587"
"2156","1","385"
"2157","134","3359"
"2158","78","3722"
"2159","9","1443"
"2160","131","1131"
"2161","20","2883"
"2162","117","505"
"2163","61","2382"
"2164","82","2001"
"2165","190","775"
"2166","115","203"
"2167","93","2773"
"2168","18","2135"
"2169","155","3568"
"2170","86","281"
"2171","181","2225"
"2172","35","2509"
"2173","82","1800"
"2174","0","863"
"2175","98","1888"
"2176","56","1644"
"2177","1","572"
"2178","43","3380"
"2179","17","2649"
"2180","14","3677"
"2181","172","2897"
"2182","67","863"
"2183","50","323"
"2184","187","880"
"2185","120","3509"
"2186","91","377"
"2187","163","2462"
"2188","57","1325"
"2189","75","1158"
"2190","163","2078"
"2191","42","1256"
"2192","48","3960"
"2193","112","2641"
"2194","20","3243"
"2195","20","504"
"2196","187","820"
"2197","27","1569"
"2198","138","2328"
"2199","91","108"
"2200","9","2609"
"2201","41","1598"
"2202","188","1304"
"2203","193","3508"
"2204","38","423"
"2205","92","385"
"2206","122","163"
"2207","19","3391"
"2208","86","1493"
"2209","106","2544"
"2210","79","23"
"2211","190","2331"
"2212","111","2942"
"2213","82","208"
"2214","54","2650"
"2215","190","1103"
"2216","101","1432"
"2217","79","3987"
"2218","135","3471"
"2219","148","2049"
"2220","69","2823"
"2221","184","3809"
"2222","187","3190"
"2223","6","3739"
"2224","159","540"
"2225","153","540"
"2226","10","3054"
"2227","129","621"
"2228","170","2795"
"2229","78","872"
"2230","158","588"
"2231","91","1265"
"2232","51","3139"
"2233","13","1924"
"2234","89","1531"
"2235","50","1954"
"2236","87","3218"
"2237","58","2546"
"2238","157","1745"
"2239","192","3363"
"2240","101","2829"
"2241","132","3850"
"2242","113","3758"
"2243","162","2431"
"2244","18","1612"
"2245","19","1021"
"2246","164","2730"
"2247","170","1204"
"2248","40","2111"
"2249","190","175"
"2250","90","3420"
"2251","79","1257"
"2252","120","2421"
"2253","102","2990"
"2254","52","2715"
"2255","125","3011"
"2256","136","370"
"2257","117","1820"
"2258","132","2661"
"2259","167","2011"
"2260","151","2573"
"2261","13","2691"
"2262","115","1210"
"2263","57","1496"
"2264","46","1906"
"2265","116","918"
"2266","135","1996"
"2267","27","3203"
"2268","22","2694"
"2269","148","2377"
"2270","62","236"
"2271","39","2822"
"2272","55","190"
"2273","123","1752"
"2274","196","2505"
"2275","167","2400"
"2276","95","154"
"2277","191","3633"
"2278","194","21"
"2279","197","2928"
"2280","78","2792"
"2281","6","1793"
"2282","193","2398"
"2283","180","2425"
"2284","180","2477"
"2285","180","827"
"2286","166","3547"
"2287","56","3025"
"2288","53","3297"
"2289","62","1766"
"2290","156","443"
"2291","36","3929"
"2292","57","3402"
"2293","198","1553"
"2294","164","2365"
"2295","58","3702"
"2296","161","2112"
"2297","71","3462"
"2298","18","3817"
"2299","44","1705"
"2300","68","2010"
"2301","70","1356"
"2302","191","1409"
"2303","5","2654"
"2304","45","3882"
"2305","194","2657"
"2306","158","2772"
"2307","119","2185"
"2308","84","2423"
"2309","184","1048"
"2310","181","2295"
"2311","51","2685"
"2312","10","1892"
"2313","138","513"
"2314","21","2255"
"2315","174","1879"
"2316","103","2104"
"2317","43","1586"
"2318","189","1496"
"2319","49","2640"
"2320","48","542"
"2321","132","776"
"2322","49","2467"
"2323","63","132"
"2324","37","2417"
"2325","19","1061"
"2326","57","422"
"2327","88","3457"
"2328","115","3636"
"2329","32","3297"
"2330","84","3480"
"2331","79","3172"
"2332","195","2251"
"2333","143","3818"
"2334","74","1257"
"2335","178","2244"
"2336","61","954"
"2337","140","2401"
"2338","80","3316"
"2339","100","937"
"2340","149","3504"
"2341","179","2247"
"2342","195","3735"
"2343","35","2932"
"2344","118","3818"
"2345","10","2153"
"2346","107","3755"
"2347","144","1552"
"2348","7","3888"
"2349","121","2529"
"2350","48","2770"
"2351","39","1518"
"2352","153","2645"
"2353","198","3708"
"2354","199","633"
"2355","100","3683"
"2356","89","1571"
"2357","167","306"
"2358","54","2715"
"2359","144","2619"
"2360","38","641"
"2361","83","3989"
"2362","36","2956"
"2363","194","1278"
"2364","157","3884"
"2365","28","221"
"2366","141","2276"
"2367","127","3462"
"2368","152","1779"
"2369","182","3476"
"2370","152","2320"
"2371","158","2809"
"2372","42","2541"
"2373","176","3279"
"2374","79","2125"
"2375","189","2384"
"2376","183","190"
"2377","28","2724"
"2378","89","1554"
"2379","167","891"
"2380","136","1695"
"2381","165","2501"
"2382","94","3972"
"2383","124","3243"
"2384","34","1892"
"2385","159","1741"
"2386","139","2814"
"2387","174","2410"
"2388","189","687"
"2389","78","105"
"2390","151","3243"
"2391","76","3086"
"2392","111","147"
"2393","79","3459"
"2394","75","3983"
"2395","37","1870"
"2396","99","3100"
"2397","162","3095"
"2398","57","3551"
"2399","91","3060"
"2400","31","3484"
"2401","35","2609"
"2402","36","1021"
"2403","140","587"
"2404","11","3021"
"2405","129","2958"
"2406","185","555"
"2407","8","288"
"2408","188","207"
"2409","58","2946"
"2410","198","364"
"2411","178","3129"
"2412","177","2323"
"2413","104","470"
"2414","138","1245"
"2415","151","3915"
"2416","147","760"
"2417","194","3604"
"2418","1","584"
"2419","51","1355"
"2420","172","2231"
"2421","43","656"
"2422","91","869"
"2423","93","3971"
"2424","71","73"
"2425","0","2897"
"2426","33","2648"
"2427","142","1441"
"2428","40","1162"
"2429","110","1483"
"2430","37","212"
"2431","88","1338"
"2432","24","2070"
"2433","142","285"
"2434","167","3663"
"2435","118","650"
"2436","116","814"
"2437","46","2583"
"2438","37","1565"
"2439","63","769"
"2440","84","1325"
"2441","168","1638"
"2442","128","516"
"2443","135","3392"
"2444","95","2846"
"2445","171","2643"
"2446","159","3833"
"2447","4","1821"
"2448","1","2320"
"2449","175","256"
"2450","170","2489"
"2451","67","100"
"2452","33","1087"
"2453","147","1465"
"2454","19","343"
"2455","91","2126"
"2456","111","3434"
"2457","158","2205"
"2458","119","707"
"2459","79","3312"
"2460","82","1565"
"2461","38","3402"
"2462","158","2413"
"2463","195","1738"
"2464","164","3210"
"2465","115","3363"
"2466","27","2066"
"2467","102","649"
"2468","109","3693"
"2469","14","320"
"2470","54","2425"
"2471","111","3502"
"2472","72","356"
"2473","92","57"
"2474","7","3716"
"2475","160","3507"
"2476","100","3551"
"2477","136","3162"
"2478","83","1873"
"2479","39","1474"
"2480","40","3531"
"2481","108","2624"
"2482","161","1502"
"2483","86","3449"
"2484","162","3063"
"2485","68","2330"
"2486","124","2984"
"2487","119","1708"
"2488","45","3611"
"2489","103","522"
"2490","140","625"
"2491","83","1232"
"2492","52","3927"
"2493","127","1286"
"2494","180","1638"
"2495","128","3927"
"2496","69","3296"
"2497","103","2991"
"2498","149","3454"
"2499","10","1394"
"2500","62","83"
"2501","88","2773"
"2502","63","1066"
"2503","28","2762"
"2504","156","530"
"2505","193","2399"
"2506","60","3145"
"2507","44","1178"
"2508","100","937"
"2509","104","1184"
"2510","117","3086"
"2511","130","3783"
"2512","161","2979"
"2513","171","725"
"2514","159","971"
"2515","166","3434"
"2516","178","1067"
"2517","191","2249"
"2518","193","3154"
"2519","194","3759"
"2520","136","419"
"2521","172","598"
"2522","137","3671"
"2523","61","3778"
"2524","168","2972"
"2525","142","3370"
"2526","25","80"
"2527","66","1688"
"2528","185","462"
"2529","72","186"
"2530","150","954"
"2531","27","3996"
"2532","69","516"
"2533","134","251"
"2534","61","2507"
"2535","14","624"
"2536","77","1988"
"2537","42","412"
"2538","51","2654"
"2539","191","3108"
"2540","137","444"
"2541","71","134"
"2542","151","907"
"2543","199","3372"
"2544","169","2846"
"2545","7","1799"
"2546","77","2169"
"2547","47","2307"
"2548","32","1954"
"2549","144","1926"
"2550","85","433"
"2551","165","984"
"2552","146","1274"
"2553","194","1444"
"2554","57","1569"
"2555","7","202"
"2556","54","222"
"2557","164","2098"
"2558","127","2731"
"2559","39","1848"
"2560","24","3559"
"2561","21","542"
"2562","189","2055"
"2563","116","2466"
"2564","58","2730"
"2565","47","2846"
"2566","127","2471"
"2567","178","551"
"2568","135","1061"
"2569","86","3525"
"2570","136","2777"
"2571","199","3117"
"2572","159","1307"
"2573","7","984"
"2574","73","3893"
"2575","116","2642"
"2576","81","2116"
"2577","49","1885"
"2578","9","2619"
"2579","97","1668"
"2580","114","637"
"2581","54","1403"
"2582","171","602"
"2583","0","2769"
"2584","41","2122"
"2585","98","2991"
"2586","77","1670"
"2587","102","2438"
"2588","30","3564"
"2589","160","1048"
"2590","16","1710"
"2591","82","937"
"2592","61","2936"
"2593","132","1315"
"2594","87","3926"
"2595","116","3132"
"2596","124","979"
"2597","103","3507"
"2598","37","2593"
"2599","181","1245"
"2600","32","2968"
"2601","169","3261"
"2602","138","868"
"2603","118","3084"
"2604","48","3951"
"2605","155","2890"
"2606","171","2779"
"2607","190","3507"
"2608","152","170"
"2609","86","2915"
"2610","72","2346"
"2611","125","2156"
"2612","25","3850"
"2613","186","1914"
"2614","167","1068"
"2615","43","2080"
"2616","159","2048"
"2617","86","1224"
"2618","156","3139"
"2619","109","557"
"2620","140","3850"
"2621","63","1745"
"2622","184","3343"
"2623","159","2730"
"2624","113","725"
"2625","37","709"
"2626","158","746"
"2627","119","2444"
"2628","142","3390"
"2629","74","30"
"2630","155","1564"
"2631","50","1779"
"2632","148","1839"
"2633","56","1586"
"2634","165","2695"
"2635","136","1824"
"2636","6","151"
"2637","97","769"
"2638","126","2289"
"2639","163","2961"
"2640","69","2685"
"2641","95","3986"
"2642","129","3124"
"2643","61","513"
"2644","31","988"
"2645","53","2381"
"2646","188","1983"
"2647","157","3960"
"2648","177","1262"
"2649","90","1416"
"2650","103","1787"
"2651","44","3921"
"2652","157","315"
"2653","170","3601"
"2654","141","3572"
"2655","186","2077"
"2656","56","758"
"2657","36","3590"
"2658","139","882"
"2659","116","3350"
"2660","70","754"
"2661","152","299"
"2662","48","868"
"2663","16","3784"
"2664","80","3568"
"2665","127","15"
"2666","172","1509"
"2667","65","3513"
"2668","171","2577"
"2669","99","1308"
"2670","98","822"
"2671","96","2551"
"2672","125","3121"
"2673","58","2304"
"2674","75","3531"
"2675","110","2052"
"2676","73","1525"
"2677","184","2997"
"2678","119","1868"
"2679","45","3267"
"2680","117","3398"
"2681","42","3599"
"2682","98","2557"
"2683","48","2454"
"2684","188","2304"
"2685","81","240"
"2686","178","1752"
"2687","154","259"
"2688","179","928"
"2689","165","2418"
"2690","94","3499"
"2691","103","979"
"2692","42","2716"
"2693","98","2611"
"2694","157","1189"
"2695","43","3758"
"2696","139","1157"
"2697","100","928"
"2698","188","2060"
"2699","136","502"
"2700","64","3827"
"2701","69","270"
"2702","18","588"
"2703","163","2421"
"2704","44","2064"
"2705","109","2774"
"2706","132","2346"
"2707","166","2160"
"2708","136","1262"
"2709","96","635"
"2710","57","517"
"2711","84","236"
"2712","0","502"
"2713","4","1885"
"2714","23","1346"
"2715","28","2382"
"2716","90","559"
"2717","57","168"
"2718","51","2070"
"2719","104","2697"
"2720","42","3565"
"2721","16","3111"
"2722","21","3216"
"2723","34","3537"
"2724","110","625"
"2725","177","2816"
"2726","156","1593"
"2727","44","3998"
"2728","55","3497"
"2729","5","539"
"2730","111","1399"
"2731","150","1898"
"2732","191","3833"
"2733","199","681"
"2734","110","3698"
"2735","143","2703"
"2736","186","337"
"2737","23","3249"
"2738","62","3289"
"2739","38","2677"
"2740","66","3699"
"2741","66","653"
"2742","53","986"
"2743","113","861"
"2744","178","1"
"2745","143","1685"
"2746","163","2270"
"2747","176","2388"
"2748","38","3185"
"2749","77","3240"
"2750","60","3508"
"2751","10","3651"
"2752","82","2"
"2753","83","3054"
"2754","73","968"
"2755","89","3577"
"2756","170","270"
"2757","167","1283"
"2758","55","59"
"2759","37","1224"
"2760","124","3216"
"2761","87","2111"
"2762","84","2064"
"2763","130","791"
"2764","135","2001"
"2765","9","396"
"2766","129","3473"
"2767","16","2758"
"2768","57","3531"
"2769","190","1899"
"2770","180","3098"
"2771","3","244"
"2772","16","286"
"2773","105","3095"
"2774","50","3357"
"2775","169","1006"
"2776","177","1048"
"2777","33","3060"
"2778","106","3200"
"2779","198","2389"
"2780","199","1290"
"2781","84","821"
"2782","58","3096"
"2783","133","3359"
"2784","169","721"
"2785","147","1721"
"2786","152","2289"
"2787","170","2592"
"2788","129","2235"
"2789","99","2489"
"2790","46","2937"
"2791","37","3501"
"2792","18","3242"
"2793","185","1764"
"2794","50","1385"
"2795","113","554"
"2796","121","2630"
"2797","45","1291"
"2798","6","3767"
"2799","106","280"
"2800","170","849"
"2801","20","769"
"2802","3","670"
"2803","98","2794"
"2804","115","2800"
"2805","72","485"
"2806","151","1516"
"2807","150","916"
"2808","151","1923"
"2809","150","221"
"2810","19","1928"
"2811","110","365"
"2812","113","3490"
"2813","89","2009"
"2814","30","822"
"2815","52","1997"
"2816","86","721"
"2817","9","3853"
"2818","152","2600"
"2819","65","1524"
"2820","5","2083"
"2821","178","2856"
"2822","134","1472"
"2823","83","2731"
"2824","18","1196"
"2825","65","2577"
"2826","149","1540"
"2827","151","2067"
"2828","39","3240"
"2829","128","2592"
"2830","30","1954"
"2831","138","2077"
"2832","80","368"
"2833","124","2235"
"2834","151","3833"
"2835","181","3467"
"2836","107","3086"
"2837","70","781"
"2838","48","701"
"2839","21","3378"
"2840","44","202"
"2841","28","3861"
"2842","175","1717"
"2843","103","946"
"2844","130","567"
"2845","88","2781"
"2846","89","2809"
"2847","125","2420"
"2848","187","3467"
"2849","197","247"
"2850","66","3972"
"2851","140","1334"
"2852","165","3224"
"2853","184","1790"
"2854","138","3402"
"2855","188","25"
"2856","24","3535"
"2857","84","1594"
"2858","110","2703"
"2859","152","3605"
"2860","76","3430"
"2861","79","3013"
"2862","140","3508"
"2863","184","2231"
"2864","190","1294"
"2865","164","656"
"2866","94","12"
"2867","197","122"
"2868","187","1139"
"2869","20","2904"
"2870","125","1588"
"2871","147","2717"
"2872","97","746"
"2873","45","297"
"2874","24","1425"
"2875","46","2639"
"2876","196","2692"
"2877","179","2207"
"2878","45","1743"
"2879","196","3132"
"2880","132","3915"
"2881","42","1443"
"2882","109","144"
"2883","158","2970"
"2884","150","321"
"2885","70","3502"
"2886","49","1552"
"2887","68","2365"
"2888","106","3312"
"2889","25","512"
"2890","80","2352"
"2891","130","2739"
"2892","112","3332"
"2893","15","21"
"2894","73","2558"
"2895","196","2454"
"2896","8","1335"
"2897","173","3194"
"2898","189","3627"
"2899","79","2175"
"2900","36","3447"
"2901","46","3500"
"2902","67","1956"
"2903","180","996"
"2904","62","588"
"2905","92","2441"
"2906","76","3989"
"2907","4","777"
"2908","56","3860"
"2909","107","2926"
"2910","37","1282"
"2911","113","3869"
"2912","66","960"
"2913","21","17"
"2914","70","1713"
"2915","12","882"
"2916","177","3632"
"2917","84","1304"
"2918","161","8"
"2919","125","2566"
"2920","174","3057"
"2921","44","1486"
"2922","71","2115"
"2923","76","453"
"2924","154","785"
"2925","174","995"
"2926","21","2953"
"2927","199","2731"
"2928","106","1825"
"2929","17","1863"
"2930","175","2883"
"2931","180","1453"
"2932","19","2567"
"2933","148","1086"
"2934","126","183"
"2935","128","462"
"2936","85","1114"
"2937","43","3095"
"2938","87","3536"
"2939","183","1266"
"2940","156","1695"
"2941","168","3392"
"2942","57","660"
"2943","66","3796"
"2944","97","1304"
"2945","15","2433"
"2946","118","3973"
"2947","23","3814"
"2948","17","3058"
"2949","170","2098"
"2950","137","1381"
"2951","84","1548"
"2952","20","866"
"2953","20","2396"
"2954","143","1698"
"2955","16","3918"
"2956","195","1559"
"2957","169","3993"
"2958","189","528"
"2959","75","3593"
"2960","22","3476"
"2961","87","3346"
"2962","141","1495"
"2963","18","530"
"2964","1","3040"
"2965","83","3138"
"2966","181","281"
"2967","107","1892"
"2968","78","2570"
"2969","89","1076"
"2970","160","2249"
"2971","128","789"
"2972","93","1933"
"2973","191","1184"
"2974","137","3640"
"2975","171","3476"
"2976","86","203"
"2977","146","207"
"2978","145","2364"
"2979","115","3229"
"2980","132","413"
"2981","101","1834"
"2982","154","3165"
"2983","187","1495"
"2984","63","2370"
"2985","89","1139"
"2986","16","2647"
"2987","51","1341"
"2988","88","3859"
"2989","158","3300"
"2990","31","2961"
"2991","163","2928"
"2992","63","1106"
"2993","15","637"
"2994","127","2739"
"2995","197","1157"
"2996","30","2160"
"2997","28","3039"
"2998","189","1577"
"2999","144","3170"
"3000","49","193"
"3001","90","2199"
"3002","184","2857"
"3003","126","1889"
"3004","37","3390"
"3005","112","3131"
"3006","130","1421"
"3007","195","1559"
"3008","136","3390"
"3009","18","3162"
"3010","85","1120"
"3011","182","1266"
"3012","44","2492"
"3013","50","2733"
"3014","127","2381"
"3015","68","3912"
"3016","171","3277"
"3017","42","3333"
"3018","194","1706"
"3019","119","1924"
"3020","37","2486"
"3021","119","2857"
"3022","134","2777"
"3023","20","3316"
"3024","79","914"
"3025","73","2002"
"3026","1","969"
"3027","21","292"
"3028","197","3934"
"3029","55","2793"
"3030","149","1842"
"3031","17","2372"
"3032","179","2477"
"3033","155","1162"
"3034","64","3044"
"3035","40","1735"
"3036","33","741"
"3037","109","211"
"3038","155","273"
"3039","132","2877"
"3040","97","2558"
"3041","87","482"
"3042","168","1594"
"3043","190","1696"
"3044","172","3514"
"3045","170","660"
"3046","172","3668"
"3047","159","1994"
"3048","191","3716"
"3049","118","1889"
"3050","20","2697"
"3051","163","2933"
"3052","57","3117"
"3053","15","950"
"3054","85","83"
"3055","77","3426"
"3056","58","609"
"3057","15","588"
"3058","87","3124"
"3059","74","631"
"3060","135","2525"
"3061","188","3903"
"3062","41","1885"
"3063","141","528"
"3064","91","3140"
"3065","119","3279"
"3066","12","1717"
"3067","17","3043"
"3068","51","2731"
"3069","135","3950"
"3070","59","2365"
"3071","141","1106"
"3072","117","1087"
"3073","62","412"
"3074","30","3630"
"3075","136","1552"
"3076","155","3042"
"3077","50","1776"
"3078","197","2537"
"3079","35","597"
"3080","153","1893"
"3081","153","1825"
"3082","107","3140"
"3083","17","2961"
"3084","68","1304"
"3085","43","805"
"3086","84","2809"
"3087","151","3637"
"3088","135","3700"
"3089","82","1536"
"3090","60","3139"
"3091","165","1407"
"3092","30","1245"
"3093","103","1007"
"3094","135","3277"
"3095","15","1034"
"3096","77","2080"
"3097","34","1716"
"3098","27","2031"
"3099","192","320"
"3100","60","2438"
"3101","98","3576"
"3102","180","24"
"3103","29","2774"
"3104","6","653"
"3105","38","1096"
"3106","4","2679"
"3107","23","1735"
"3108","26","2502"
"3109","177","3542"
"3110","101","3719"
"3111","74","1679"
"3112","40","2932"
"3113","8","3847"
"3114","57","373"
"3115","185","175"
"3116","3","482"
"3117","41","555"
"3118","81","1827"
"3119","57","124"
"3120","123","2339"
"3121","12","3571"
"3122","174","3185"
"3123","123","1389"
"3124","3","2184"
"3125","18","2370"
"3126","14","3062"
"3127","162","954"
"3128","14","337"
"3129","41","3677"
"3130","78","3363"
"3131","147","252"
"3132","105","3007"
"3133","68","3003"
"3134","2","2102"
"3135","196","2328"
"3136","133","3078"
"3137","160","3265"
"3138","4","435"
"3139","193","2787"
"3140","138","2833"
"3141","103","1873"
"3142","186","1149"
"3143","81","462"
"3144","52","3590"
"3145","184","863"
"3146","67","364"
"3147","33","1074"
"3148","120","1825"
"3149","146","1153"
"3150","103","3723"
"3151","82","443"
"3152","152","1559"
"3153","133","916"
"3154","171","2112"
"3155","14","2570"
"3156","10","706"
"3157","69","1254"
"3158","57","1393"
"3159","108","3041"
"3160","196","1341"
"3161","80","1546"
"3162","25","910"
"3163","71","3581"
"3164","72","2471"
"3165","157","564"
"3166","87","3561"
"3167","27","3581"
"3168","74","492"
"3169","46","2477"
"3170","44","1189"
"3171","73","2058"
"3172","158","134"
"3173","9","434"
"3174","177","3536"
"3175","144","2080"
"3176","63","1079"
"3177","74","134"
"3178","174","2153"
"3179","100","2956"
"3180","23","1560"
"3181","52","3482"
"3182","18","3631"
"3183","6","3565"
"3184","119","2784"
"3185","8","1308"
"3186","114","3894"
"3187","95","1237"
"3188","69","1600"
"3189","99","724"
"3190","168","1421"
"3191","122","480"
"3192","123","3255"
"3193","172","3998"
"3194","18","615"
"3195","15","539"
"3196","177","2070"
"3197","74","3454"
"3198","163","1906"
"3199","101","589"
"3200","177","3835"
"3201","106","1956"
"3202","100","2818"
"3203","138","1281"
"3204","156","1547"
"3205","29","1638"
"3206","96","2823"
"3207","159","2222"
"3208","103","2502"
"3209","74","3621"
"3210","151","3309"
"3211","87","698"
"3212","133","1500"
"3213","111","2655"
"3214","56","3333"
"3215","181","2732"
"3216","189","2249"
"3217","6","288"
"3218","6","1199"
"3219","104","540"
"3220","169","443"
"3221","184","1291"
"3222","77","2069"
"3223","172","737"
"3224","162","62"
"3225","106","1147"
"3226","33","2595"
"3227","126","2670"
"3228","77","2689"
"3229","71","3279"
"3230","35","876"
"3231","20","554"
"3232","123","2186"
"3233","6","1581"
"3234","2","2997"
"3235","63","474"
"3236","184","2644"
"3237","102","1552"
"3238","85","2742"
"3239","128","2"
"3240","131","775"
"3241","114","3469"
"3242","109","2396"
"3243","182","3058"
"3244","83","2819"
"3245","75","2800"
"3246","83","1510"
"3247","1","880"
"3248","99","57"
"3249","37","40"
"3250","138","299"
"3251","103","2685"
"3252","175","1536"
"3253","148","2144"
"3254","197","1102"
"3255","22","2257"
"3256","164","3244"
"3257","148","2660"
"3258","56","2676"
"3259","77","3284"
"3260","44","2758"
"3261","113","1035"
"3262","140","3234"
"3263","80","2625"
"3264","11","1116"
"3265","81","2168"
"3266","112","1627"
"3267","78","3242"
"3268","142","1322"
"3269","181","1889"
"3270","22","3630"
"3271","126","1956"
"3272","107","2773"
"3273","29","3922"
"3274","163","3551"
"3275","49","3946"
"3276","150","2814"
"3277","190","2475"
"3278","44","1891"
"3279","19","3984"
"3280","102","3885"
"3281","46","1928"
"3282","0","1827"
"3283","155","3349"
"3284","137","3963"
"3285","75","1176"
"3286","199","3265"
"3287","178","869"
"3288","159","618"
"3289","72","2618"
"3290","180","2028"
"3291","114","1240"
"3292","118","1786"
"3293","170","811"
"3294","164","412"
"3295","26","139"
"3296","20","3449"
"3297","70","3084"
"3298","171","179"
"3299","4","270"
"3300","47","960"
"3301","156","271"
"3302","74","652"
"3303","132","2657"
"3304","146","3229"
"3305","63","3210"
"3306","115","2634"
"3307","125","3361"
"3308","22","137"
"3309","67","3866"
"3310","127","368"
"3311","18","1918"
"3312","113","1061"
"3313","189","2682"
"3314","68","1124"
"3315","133","789"
"3316","43","1135"
"3317","26","2618"
"3318","17","3971"
"3319","160","1304"
"3320","183","2421"
"3321","119","3706"
"3322","79","283"
"3323","135","2396"
"3324","158","1277"
"3325","129","3693"
"3326","184","1007"
"3327","130","313"
"3328","199","1725"
"3329","138","615"
"3330","185","1433"
"3331","127","2561"
"3332","15","3187"
"3333","18","3581"
"3334","21","3243"
"3335","118","1670"
"3336","4","3175"
"3337","112","3926"
"3338","184","1642"
"3339","90","3165"
"3340","11","182"
"3341","110","3816"
"3342","96","1077"
"3343","73","2198"
"3344","100","2090"
"3345","162","3984"
"3346","88","1096"
"3347","174","631"
"3348","70","3011"
"3349","20","302"
"3350","174","1766"
"3351","0","2963"
"3352","58","3958"
"3353","173","1067"
"3354","7","3107"
"3355","180","2049"
"3356","36","998"
"3357","149","122"
"3358","0","559"
"3359","154","3922"
"3360","70","2013"
"3361","163","3470"
"3362","50","1638"
"3363","90","1843"
"3364","138","3056"
"3365","58","2703"
"3366","5","3300"
"3367","125","2207"
"3368","7","1965"
"3369","59","2846"
"3370","7","542"
"3371","45","3739"
"3372","3","230"
"3373","2","2290"
"3374","74","2463"
"3375","39","1724"
"3376","198","2530"
"3377","99","3095"
"3378","99","366"
"3379","178","727"
"3380","80","2161"
"3381","2","494"
"3382","125","2990"
"3383","39","2529"
"3384","166","1415"
"3385","170","1414"
"3386","48","1686"
"3387","70","364"
"3388","60","3664"
"3389","197","1933"
"3390","10","3636"
"3391","153","2536"
"3392","132","371"
"3393","177","2231"
"3394","42","3987"
"3395","73","1646"
"3396","6","2784"
"3397","187","2"
"3398","116","950"
"3399","153","3719"
"3400","75","3987"
"3401","140","1688"
"3402","163","2616"
"3403","107","151"
"3404","84","3572"
"3405","64","745"
"3406","112","1993"
"3407","155","762"
"3408","32","1398"
"3409","84","3945"
"3410","143","1290"
"3411","79","3755"
"3412","41","3670"
"3413","59","3486"
"3414","19","3309"
"3415","54","2928"
"3416","109","2794"
"3417","100","316"
"3418","40","3229"
"3419","112","3482"
"3420","57","2639"
"3421","64","688"
"3422","74","280"
"3423","188","1778"
"3424","129","504"
"3425","102","150"
"3426","102","3508"
"3427","199","1721"
"3428","136","1752"
"3429","111","435"
"3430","140","1490"
"3431","125","1006"
"3432","173","2486"
"3433","45","2298"
"3434","50","2044"
"3435","177","394"
"3436","71","3797"
"3437","32","3398"
"3438","99","1319"
"3439","143","2888"
"3440","47","2158"
"3441","117","2801"
"3442","112","2524"
"3443","17","1981"
"3444","129","1120"
"3445","113","1421"
"3446","85","2685"
"3447","98","1301"
"3448","28","3894"
"3449","121","3544"
"3450","16","2049"
"3451","161","1008"
"3452","138","861"
"3453","191","1506"
"3454","55","3709"
"3455","51","2543"
"3456","12","3011"
"3457","58","1652"
"3458","135","689"
"3459","62","1698"
"3460","9","3725"
"3461","36","575"
"3462","173","2862"
"3463","7","3350"
"3464","86","2592"
"3465","186","1005"
"3466","37","1196"
"3467","160","1537"
"3468","152","3052"
"3469","13","3670"
"3470","45","3466"
"3471","64","2737"
"3472","51","2573"
"3473","32","2276"
"3474","181","1618"
"3475","11","2231"
"3476","8","291"
"3477","7","1501"
"3478","0","2499"
"3479","65","2525"
"3480","30","3972"
"3481","191","2614"
"3482","10","3083"
"3483","81","1500"
"3484","197","1548"
"3485","65","688"
"3486","100","2509"
"3487","110","3250"
"3488","117","2280"
"3489","129","2352"
"3490","104","275"
"3491","39","1537"
"3492","127","3956"
"3493","82","916"
"3494","76","2979"
"3495","88","3562"
"3496","153","1224"
"3497","193","288"
"3498","8","3373"
"3499","116","2580"
"3500","58","2526"
"3501","54","3960"
"3502","163","315"
"3503","66","2319"
"3504","81","1131"
"3505","74","1356"
"3506","4","1774"
"3507","121","1322"
"3508","16","663"
"3509","164","2568"
"3510","66","3463"
"3511","149","1465"
"3512","5","3370"
"3513","70","1110"
"3514","30","2961"
"3515","134","2247"
"3516","52","3637"
"3517","100","996"
"3518","191","1834"
"3519","36","1547"
"3520","17","2622"
"3521","70","3084"
"3522","22","1610"
"3523","13","1385"
"3524","178","3632"
"3525","4","3163"
"3526","189","1836"
"3527","183","2661"
"3528","52","3971"
"3529","155","314"
"3530","36","1625"
"3531","124","280"
"3532","31","1210"
"3533","159","1038"
"3534","80","673"
"3535","189","1303"
"3536","149","1997"
"3537","61","664"
"3538","15","1263"
"3539","183","672"
"3540","77","2639"
"3541","158","686"
"3542","19","3758"
"3543","10","3539"
"3544","90","2716"
"3545","58","589"
"3546","41","3961"
"3547","18","3497"
"3548","58","3509"
"3549","141","3950"
"3550","142","2345"
"3551","28","727"
"3552","174","1849"
"3553","41","429"
"3554","35","511"
"3555","91","539"
"3556","117","3381"
"3557","111","183"
"3558","133","2891"
"3559","109","3058"
"3560","28","1296"
"3561","72","1414"
"3562","8","3975"
"3563","13","2940"
"3564","179","3304"
"3565","15","320"
"3566","180","767"
"3567","61","2556"
"3568","151","1185"
"3569","128","2661"
"3570","141","3562"
"3571","43","3500"
"3572","64","2072"
"3573","28","1464"
"3574","17","621"
"3575","159","968"
"3576","166","1006"
"3577","189","3501"
"3578","182","3214"
"3579","190","1346"
"3580","172","3651"
"3581","179","2509"
"3582","74","1512"
"3583","101","154"
"3584","63","3888"
"3585","74","3436"
"3586","121","644"
"3587","34","3137"
"3588","132","1265"
"3589","50","1135"
"3590","139","158"
"3591","79","2169"
"3592","82","681"
"3593","46","2568"
"3594","73","1274"
"3595","152","3296"
"3596","97","1743"
"3597","62","579"
"3598","6","1361"
"3599","65","307"
"3600","58","1625"
"3601","142","1338"
"3602","25","345"
"3603","173","2297"
"3604","160","3460"
"3605","135","3739"
"3606","4","3763"
"3607","102","762"
"3608","43","2165"
"3609","13","3232"
"3610","151","129"
"3611","101","2052"
"3612","68","88"
"3613","83","3570"
"3614","121","1247"
"3615","70","410"
"3616","110","1790"
"3617","116","2562"
"3618","184","1294"
"3619","0","2372"
"3620","109","2639"
"3621","163","3759"
"3622","98","1701"
"3623","170","290"
"3624","125","84"
"3625","46","635"
"3626","63","583"
"3627","180","3422"
"3628","191","299"
"3629","25","539"
"3630","195","2961"
"3631","154","820"
"3632","41","2618"
"3633","48","2172"
"3634","126","280"
"3635","54","3169"
"3636","158","2316"
"3637","25","3005"
"3638","33","1444"
"3639","168","2781"
"3640","39","2568"
"3641","194","776"
"3642","48","3267"
"3643","38","2401"
"3644","128","2670"
"3645","50","3175"
"3646","53","3482"
"3647","149","226"
"3648","6","1461"
"3649","93","3570"
"3650","40","639"
"3651","145","3575"
"3652","135","2306"
"3653","70","54"
"3654","157","2800"
"3655","175","3095"
"3656","82","3150"
"3657","155","3154"
"3658","169","2529"
"3659","104","1282"
"3660","7","1764"
"3661","167","2636"
"3662","94","74"
"3663","13","1623"
"3664","127","985"
"3665","74","1135"
"3666","161","3265"
"3667","144","2345"
"3668","74","2639"
"3669","140","3425"
"3670","74","791"
"3671","128","3281"
"3672","33","3175"
"3673","3","3675"
"3674","102","2747"
"3675","185","1403"
"3676","70","155"
"3677","124","988"
"3678","128","2082"
"3679","54","3269"
"3680","106","1717"
"3681","44","677"
"3682","26","1348"
"3683","55","1609"
"3684","25","609"
"3685","165","3918"
"3686","45","1309"
"3687","94","2298"
"3688","133","3974"
"3689","144","517"
"3690","11","2679"
"3691","102","1198"
"3692","60","515"
"3693","191","2083"
"3694","150","1056"
"3695","167","2272"
"3696","10","3047"
"3697","199","3244"
"3698","164","1369"
"3699","117","357"
"3700","31","3426"
"3701","94","100"
"3702","28","2315"
"3703","106","2769"
"3704","27","3447"
"3705","36","2111"
"3706","121","142"
"3707","54","3044"
"3708","83","717"
"3709","11","2502"
"3710","104","3191"
"3711","26","185"
"3712","58","3312"
"3713","114","3647"
"3714","134","3129"
"3715","62","1001"
"3716","131","1623"
"3717","128","2933"
"3718","115","3553"
"3719","18","892"
"3720","3","1016"
"3721","154","1"
"3722","137","511"
"3723","115","86"
"3724","45","3767"
"3725","52","2312"
"3726","29","3272"
"3727","168","603"
"3728","60","3861"
"3729","4","3194"
"3730","11","492"
"3731","74","937"
"3732","194","1625"
"3733","35","3796"
"3734","116","2822"
"3735","7","1658"
"3736","194","462"
"3737","3","1256"
"3738","32","2832"
"3739","49","2139"
"3740","178","2822"
"3741","189","3554"
"3742","183","1990"
"3743","12","3124"
"3744","193","3280"
"3745","41","1773"
"3746","114","1444"
"3747","5","3971"
"3748","33","3190"
"3749","6","48"
"3750","126","48"
"3751","168","3608"
"3752","51","3363"
"3753","93","3945"
"3754","62","1577"
"3755","2","603"
"3756","138","2655"
"3757","143","1399"
"3758","111","3542"
"3759","190","968"
"3760","57","922"
"3761","141","2862"
"3762","180","3118"
"3763","89","3041"
"3764","102","1180"
"3765","197","1196"
"3766","63","2235"
"3767","99","462"
"3768","177","3950"
"3769","78","3081"
"3770","123","1743"
"3771","24","2388"
"3772","160","239"
"3773","57","3542"
"3774","192","3410"
"3775","60","1721"
"3776","46","499"
"3777","110","2772"
"3778","94","3380"
"3779","40","58"
"3780","165","517"
"3781","78","2352"
"3782","75","3729"
"3783","184","3350"
"3784","170","2506"
"3785","157","2869"
"3786","158","1821"
"3787","22","1000"
"3788","25","3059"
"3789","32","3631"
"3790","0","1518"
"3791","56","3787"
"3792","66","616"
"3793","66","707"
"3794","158","2789"
"3795","176","2887"
"3796","195","2289"
"3797","77","3916"
"3798","72","3859"
"3799","87","256"
"3800","184","95"
"3801","156","1061"
"3802","71","3940"
"3803","148","2897"
"3804","57","256"
"3805","124","865"
"3806","44","208"
"3807","114","3676"
"3808","64","1698"
"3809","71","1290"
"3810","65","2515"
"3811","190","1510"
"3812","42","3138"
"3813","63","155"
"3814","73","354"
"3815","94","1575"
"3816","133","294"
"3817","117","3609"
"3818","58","3944"
"3819","79","1898"
"3820","125","2795"
"3821","111","3693"
"3822","187","1603"
"3823","116","1076"
"3824","163","1657"
"3825","64","1765"
"3826","193","1074"
"3827","190","3814"
"3828","11","3121"
"3829","96","2078"
"3830","89","3453"
"3831","116","2254"
"3832","48","1674"
"3833","121","1605"
"3834","188","1591"
"3835","56","1751"
"3836","111","2682"
"3837","155","2575"
"3838","144","1658"
"3839","171","1076"
"3840","72","3321"
"3841","66","1998"
"3842","60","3332"
"3843","80","1536"
"3844","170","86"
"3845","12","3791"
"3846","133","3625"
"3847","150","3956"
"3848","93","2551"
"3849","123","634"
"3850","8","688"
"3851","74","1304"
"3852","31","2433"
"3853","186","1458"
"3854","50","1843"
"3855","45","3117"
"3856","25","1051"
"3857","123","1403"
"3858","112","3577"
"3859","187","242"
"3860","114","3453"
"3861","57","296"
"3862","24","3683"
"3863","128","2573"
"3864","151","875"
"3865","196","2247"
"3866","69","1931"
"3867","104","2469"
"3868","142","2634"
"3869","141","3633"
"3870","55","3441"
"3871","192","2793"
"3872","94","1341"
"3873","161","3575"
"3874","113","167"
"3875","16","2067"
"3876","52","625"
"3877","175","1551"
"3878","14","3422"
"3879","145","2515"
"3880","5","1556"
"3881","46","3011"
"3882","187","3670"
"3883","16","105"
"3884","136","356"
"3885","84","1187"
"3886","115","3508"
"3887","193","1523"
"3888","58","2963"
"3889","92","2630"
"3890","132","603"
"3891","82","2703"
"3892","173","3897"
"3893","131","2623"
"3894","68","916"
"3895","90","183"
"3896","106","875"
"3897","183","3272"
"3898","139","3043"
"3899","27","3753"
"3900","80","2120"
"3901","179","2283"
"3902","65","2413"
"3903","197","587"
"3904","63","3811"
"3905","61","2070"
"3906","32","154"
"3907","141","3339"
"3908","35","3796"
"3909","117","2914"
"3910","188","2295"
"3911","127","3998"
"3912","70","1554"
"3913","195","2222"
"3914","181","701"
"3915","188","3632"
"3916","29","650"
"3917","63","2423"
"3918","152","3438"
"3919","114","3897"
"3920","51","3811"
"3921","122","126"
"3922","165","2249"
"3923","185","281"
"3924","8","1190"
"3925","178","2946"
"3926","37","653"
"3927","3","257"
"3928","151","1559"
"3929","47","3013"
"3930","163","1679"
"3931","177","2609"
"3932","148","3469"
"3933","76","970"
"3934","100","1106"
"3935","90","2233"
"3936","162","3158"
"3937","7","927"
"3938","67","2760"
"3939","35","2795"
"3940","12","598"
"3941","166","724"
"3942","11","701"
"3943","89","2679"
"3944","149","975"
"3945","2","2350"
"3946","177","3593"
"3947","155","2037"
"3948","190","1787"
"3949","74","432"
"3950","79","1652"
"3951","78","126"
"3952","149","1849"
"3953","167","3223"
"3954","85","652"
"3955","160","15"
"3956","38","823"
"3957","34","1537"
"3958","130","20"
"3959","180","2013"
"3960","33","273"
"3961","92","303"
"3962","23","602"
"3963","67","2758"
"3964","180","1686"
"3965","50","3984"
"3966","11","810"
"3967","156","175"
"3968","124","472"
"3969","29","3927"
"3970","58","1204"
"3971","141","960"
"3972","178","2897"
"3973","23","2615"
"3974","14","1885"
"3975","136","3436"
"3976","135","286"
"3977","171","3486"
"3978","3","1425"
"3979","177","357"
"3980","46","1899"
"3981","191","2793"
"3982","69","1703"
"3983","107","1651"
"3984","185","2506"
"3985","82","83"
"3986","190","3426"
"3987","46","2316"
"3988","104","3279"
"3989","168","938"
"3990","132","3453"
"3991","134","767"
"3992","164","1223"
"3993","186","3423"
"3994","13","1008"
"3995","64","2067"
"3996","67","975"
"3997","33","375"
"3998","0","186"
"3999","29","444"
"4000","181","1472"
"4001","22","12"
"4002","61","368"
"4003","145","3920"
"4004","53","2352"
"4005","14","206"
"4006","14","3670"
"4007","185","2"
"4008","143","2972"
"4009","108","3499"
"4010","10","2365"
"4011","128","127"
"4012","86","430"
"4013","83","1994"
"4014","153","419"
"4015","167","2037"
"4016","140","541"
"4017","168","3934"
"4018","44","677"
"4019","179","1599"
"4020","44","396"
"4021","130","1331"
"4022","99","2790"
"4023","134","1755"
"4024","98","1986"
"4025","108","3676"
"4026","124","2915"
"4027","25","2638"
"4028","178","2580"
"4029","81","1754"
"4030","126","93"
"4031","167","3570"
"4032","61","3565"
"4033","25","2412"
"4034","91","2819"
"4035","22","2169"
"4036","102","320"
"4037","159","616"
"4038","194","3467"
"4039","38","2307"
"4040","197","2561"
"4041","180","3083"
"4042","3","1887"
"4043","86","3108"
"4044","85","2602"
"4045","6","1187"
"4046","156","2115"
"4047","180","1483"
"4048","65","1320"
"4049","64","3090"
"4050","24","865"
"4051","79","542"
"4052","81","1558"
"4053","169","2665"
"4054","25","3383"
"4055","89","3423"
"4056","158","909"
"4057","191","2739"
"4058","63","1266"
"4059","131","811"
"4060","174","3393"
"4061","20","3359"
"4062","199","1651"
"4063","79","179"
"4064","46","3498"
"4065","198","168"
"4066","143","2291"
"4067","35","904"
"4068","90","2028"
"4069","25","2514"
"4070","55","316"
"4071","175","1472"
"4072","146","3838"
"4073","64","1820"
"4074","109","3915"
"4075","18","1124"
"4076","44","2508"
"4077","155","314"
"4078","0","822"
"4079","82","2620"
"4080","73","2303"
"4081","43","3255"
"4082","130","3321"
"4083","32","3589"
"4084","184","545"
"4085","46","281"
"4086","108","2323"
"4087","181","62"
"4088","152","244"
"4089","101","307"
"4090","56","1688"
"4091","159","1599"
"4092","194","63"
"4093","87","1409"
"4094","122","3921"
"4095","101","2382"
"4096","191","3078"
"4097","69","2401"
"4098","197","63"
"4099","168","3121"
"4100","36","3809"
"4101","83","2705"
"4102","177","3569"
"4103","86","1742"
"4104","184","287"
"4105","88","2769"
"4106","48","3224"
"4107","103","1277"
"4108","163","3037"
"4109","30","869"
"4110","135","3052"
"4111","71","1116"
"4112","187","2495"
"4113","187","1131"
"4114","147","2130"
"4115","27","3399"
"4116","153","406"
"4117","67","943"
"4118","172","567"
"4119","169","1090"
"4120","118","821"
"4121","58","2818"
"4122","161","988"
"4123","149","686"
"4124","75","1256"
"4125","196","1102"
"4126","12","2687"
"4127","33","3098"
"4128","183","2156"
"4129","3","3098"
"4130","61","1416"
"4131","13","1693"
"4132","81","1090"
"4133","74","1412"
"4134","134","661"
"4135","45","1724"
"4136","142","2216"
"4137","150","1755"
"4138","58","596"
"4139","163","2161"
"4140","126","2692"
"4141","53","2335"
"4142","47","2021"
"4143","171","3124"
"4144","139","3459"
"4145","68","1577"
"4146","80","1241"
"4147","41","3984"
"4148","28","2141"
"4149","87","2082"
"4150","57","2537"
"4151","109","592"
"4152","91","3770"
"4153","65","938"
"4154","127","3346"
"4155","156","1694"
"4156","123","1602"
"4157","1","2677"
"4158","190","1713"
"4159","19","2956"
"4160","94","1334"
"4161","51","2733"
"4162","62","1291"
"4163","25","3293"
"4164","78","3647"
"4165","20","1827"
"4166","122","2435"
"4167","34","3206"
"4168","12","3049"
"4169","36","2466"
"4170","16","2046"
"4171","60","2116"
"4172","183","1604"
"4173","12","1755"
"4174","55","15"
"4175","103","3588"
"4176","160","897"
"4177","111","74"
"4178","11","3402"
"4179","183","3470"
"4180","90","617"
"4181","129","3583"
"4182","144","3675"
"4183","33","276"
"4184","33","366"
"4185","117","124"
"4186","188","3877"
"4187","120","433"
"4188","132","3901"
"4189","137","1321"
"4190","138","62"
"4191","160","2372"
"4192","137","419"
"4193","15","344"
"4194","74","1268"
"4195","91","2302"
"4196","121","3551"
"4197","148","1381"
"4198","26","1548"
"4199","107","134"
"4200","145","2622"
"4201","63","2864"
"4202","40","1076"
"4203","79","2060"
"4204","174","1472"
"4205","41","2630"
"4206","24","2114"
"4207","28","2527"
"4208","112","1420"
"4209","22","2116"
"4210","135","1594"
"4211","67","1375"
"4212","77","634"
"4213","140","3423"
"4214","195","3931"
"4215","171","1713"
"4216","78","672"
"4217","168","2888"
"4218","121","1705"
"4219","32","1453"
"4220","32","139"
"4221","2","2107"
"4222","58","3001"
"4223","107","3129"
"4224","198","3341"
"4225","139","3138"
"4226","6","3380"
"4227","86","252"
"4228","183","3739"
"4229","76","1645"
"4230","125","1986"
"4231","151","1133"
"4232","56","10"
"4233","63","1586"
"4234","142","2659"
"4235","5","2396"
"4236","52","1420"
"4237","150","2444"
"4238","140","2928"
"4239","64","1256"
"4240","4","2184"
"4241","24","1820"
"4242","29","2051"
"4243","25","1117"
"4244","59","589"
"4245","15","3840"
"4246","100","1304"
"4247","39","3449"
"4248","180","3165"
"4249","75","3465"
"4250","171","1694"
"4251","114","1886"
"4252","135","2233"
"4253","53","750"
"4254","142","3663"
"4255","114","2060"
"4256","103","2711"
"4257","186","1190"
"4258","103","3033"
"4259","44","3420"
"4260","47","3731"
"4261","117","1376"
"4262","11","226"
"4263","107","1315"
"4264","151","1753"
"4265","137","93"
"4266","44","3551"
"4267","183","345"
"4268","199","3697"
"4269","6","2396"
"4270","138","1430"
"4271","101","2042"
"4272","74","3254"
"4273","111","596"
"4274","190","1134"
"4275","192","2443"
"4276","156","3116"
"4277","175","202"
"4278","103","2589"
"4279","44","3378"
"4280","136","1473"
"4281","198","2768"
"4282","22","863"
"4283","51","914"
"4284","154","606"
"4285","138","1282"
"4286","15","2501"
"4287","74","3880"
"4288","2","1179"
"4289","59","2968"
"4290","26","2389"
"4291","136","3958"
"4292","188","3675"
"4293","36","2316"
"4294","130","766"
"4295","105","868"
"4296","127","3021"
"4297","80","3216"
"4298","85","1913"
"4299","97","717"
"4300","181","3668"
"4301","40","3430"
"4302","30","3495"
"4303","32","239"
"4304","20","579"
"4305","196","1600"
"4306","93","2583"
"4307","199","3429"
"4308","127","2644"
"4309","77","584"
"4310","105","3783"
"4311","87","1114"
"4312","92","48"
"4313","174","2592"
"4314","11","3986"
"4315","101","291"
"4316","10","3502"
"4317","68","789"
"4318","101","2009"
"4319","42","721"
"4320","177","1057"
"4321","19","1309"
"4322","198","1933"
"4323","9","2649"
"4324","134","2286"
"4325","39","1307"
"4326","57","2162"
"4327","1","2987"
"4328","64","2295"
"4329","94","649"
"4330","105","1537"
"4331","140","1290"
"4332","69","1266"
"4333","34","2107"
"4334","143","12"
"4335","165","3423"
"4336","184","69"
"4337","6","1238"
"4338","15","616"
"4339","194","910"
"4340","57","677"
"4341","41","3139"
"4342","193","2347"
"4343","169","3886"
"4344","10","892"
"4345","164","383"
"4346","106","1577"
"4347","113","3031"
"4348","30","3149"
"4349","75","3915"
"4350","179","1342"
"4351","73","454"
"4352","41","3741"
"4353","65","3297"
"4354","168","3142"
"4355","120","1843"
"4356","5","1038"
"4357","5","1786"
"4358","127","443"
"4359","70","1649"
"4360","162","3210"
"4361","58","3190"
"4362","159","1204"
"4363","138","1762"
"4364","18","3084"
"4365","49","2199"
"4366","161","1256"
"4367","32","1079"
"4368","63","3755"
"4369","186","2564"
"4370","94","1274"
"4371","35","3991"
"4372","65","1069"
"4373","156","2969"
"4374","119","151"
"4375","92","2583"
"4376","57","3490"
"4377","101","3238"
"4378","50","2573"
"4379","85","447"
"4380","56","1941"
"4381","22","1090"
"4382","162","2787"
"4383","115","958"
"4384","101","2172"
"4385","125","2583"
"4386","167","429"
"4387","26","3542"
"4388","85","2413"
"4389","40","2730"
"4390","181","1881"
"4391","2","2417"
"4392","170","2198"
"4393","78","2159"
"4394","148","642"
"4395","114","146"
"4396","16","552"
"4397","61","2384"
"4398","91","81"
"4399","151","946"
"4400","69","3444"
"4401","88","683"
"4402","137","70"
"4403","198","259"
"4404","197","1394"
"4405","70","3359"
"4406","183","410"
"4407","175","1849"
"4408","9","2548"
"4409","43","2643"
"4410","40","410"
"4411","125","70"
"4412","115","182"
"4413","183","3753"
"4414","13","3631"
"4415","147","968"
"4416","109","3063"
"4417","198","1685"
"4418","195","2302"
"4419","182","193"
"4420","79","3054"
"4421","81","1179"
"4422","10","386"
"4423","175","1998"
"4424","30","1005"
"4425","77","3895"
"4426","107","3454"
"4427","116","1516"
"4428","49","3231"
"4429","123","548"
"4430","136","1016"
"4431","20","1793"
"4432","195","1338"
"4433","29","3490"
"4434","168","1196"
"4435","119","3703"
"4436","160","2856"
"4437","187","1712"
"4438","17","3950"
"4439","137","2020"
"4440","134","2382"
"4441","77","1565"
"4442","128","2010"
"4443","176","1776"
"4444","29","1933"
"4445","160","985"
"4446","100","202"
"4447","163","3265"
"4448","193","901"
"4449","151","1602"
"4450","127","3514"
"4451","159","3749"
"4452","81","594"
"4453","190","1552"
"4454","157","2914"
"4455","155","287"
"4456","80","3869"
"4457","121","3707"
"4458","74","928"
"4459","65","3326"
"4460","180","2526"
"4461","16","2188"
"4462","42","58"
"4463","93","3903"
"4464","157","1758"
"4465","181","2784"
"4466","8","2640"
"4467","97","83"
"4468","153","921"
"4469","24","2505"
"4470","118","1600"
"4471","3","1473"
"4472","163","1415"
"4473","189","3031"
"4474","115","1013"
"4475","36","3538"
"4476","151","2372"
"4477","119","2879"
"4478","168","3167"
"4479","69","619"
"4480","190","1496"
"4481","49","1079"
"4482","111","3149"
"4483","12","2080"
"4484","192","3951"
"4485","80","3847"
"4486","42","2623"
"4487","96","1677"
"4488","115","823"
"4489","4","357"
"4490","181","1394"
"4491","70","3960"
"4492","41","1005"
"4493","31","2052"
"4494","19","472"
"4495","101","3828"
"4496","143","182"
"4497","158","73"
"4498","36","2730"
"4499","5","2417"
"4500","118","2055"
"4501","34","2869"
"4502","46","2931"
"4503","25","2400"
"4504","30","2823"
"4505","91","3074"
"4506","140","2570"
"4507","113","2891"
"4508","8","8"
"4509","156","150"
"4510","26","1610"
"4511","149","1178"
"4512","142","2076"
"4513","171","668"
"4514","112","286"
"4515","122","2506"
"4516","122","150"
"4517","111","411"
"4518","139","1992"
"4519","56","1793"
"4520","51","3971"
"4521","45","637"
"4522","172","2066"
"4523","23","575"
"4524","166","1045"
"4525","163","293"
"4526","18","3368"
"4527","195","2242"
"4528","145","1974"
"4529","63","3884"
"4530","159","57"
"4531","70","1790"
"4532","145","3938"
"4533","18","659"
"4534","153","3599"
"4535","49","3259"
"4536","62","1173"
"4537","20","2768"
"4538","3","3847"
"4539","91","2800"
"4540","126","2392"
"4541","193","2914"
"4542","181","1804"
"4543","170","1447"
"4544","22","2255"
"4545","127","1762"
"4546","110","1669"
"4547","199","1250"
"4548","96","2103"
"4549","111","916"
"4550","113","3469"
"4551","14","587"
"4552","4","3267"
"4553","107","892"
"4554","130","2155"
"4555","127","385"
"4556","99","3403"
"4557","148","3229"
"4558","199","1749"
"4559","159","1620"
"4560","86","2650"
"4561","144","1749"
"4562","32","1669"
"4563","122","1652"
"4564","165","3347"
"4565","142","2747"
"4566","73","2296"
"4567","121","1753"
"4568","153","1281"
"4569","93","1694"
"4570","54","1502"
"4571","162","2731"
"4572","79","12"
"4573","0","2302"
"4574","10","3428"
"4575","28","1577"
"4576","129","1240"
"4577","4","3954"
"4578","134","25"
"4579","127","1960"
"4580","91","199"
"4581","132","3711"
"4582","135","800"
"4583","195","2332"
"4584","80","3875"
"4585","68","366"
"4586","176","377"
"4587","148","608"
"4588","186","2980"
"4589","128","351"
"4590","146","261"
"4591","163","494"
"4592","83","2815"
"4593","190","2833"
"4594","17","3833"
"4595","53","798"
"4596","158","3032"
"4597","190","2744"
"4598","101","296"
"4599","64","663"
"4600","106","2987"
"4601","30","142"
"4602","83","536"
"4603","128","1732"
"4604","91","2120"
"4605","155","328"
"4606","165","677"
"4607","196","2264"
"4608","131","767"
"4609","41","1453"
"4610","39","3665"
"4611","173","2575"
"4612","120","810"
"4613","37","2733"
"4614","44","2654"
"4615","37","1742"
"4616","67","3853"
"4617","163","876"
"4618","179","2641"
"4619","123","2876"
"4620","19","3528"
"4621","47","1178"
"4622","152","1954"
"4623","84","3011"
"4624","150","1992"
"4625","109","750"
"4626","98","1526"
"4627","5","970"
"4628","117","156"
"4629","139","971"
"4630","51","2320"
"4631","160","2793"
"4632","20","3391"
"4633","144","2224"
"4634","168","3158"
"4635","142","631"
"4636","176","2717"
"4637","107","2465"
"4638","129","2774"
"4639","57","988"
"4640","123","3259"
"4641","14","3117"
"4642","87","2570"
"4643","139","2703"
"4644","47","897"
"4645","190","3843"
"4646","79","2508"
"4647","23","1204"
"4648","56","185"
"4649","79","805"
"4650","146","1335"
"4651","55","1038"
"4652","199","3640"
"4653","135","3049"
"4654","108","2823"
"4655","149","2111"
"4656","6","3051"
"4657","145","621"
"4658","57","2715"
"4659","177","1399"
"4660","90","938"
"4661","17","3863"
"4662","166","2011"
"4663","98","689"
"4664","77","1836"
"4665","182","777"
"4666","142","356"
"4667","37","1506"
"4668","95","186"
"4669","156","3326"
"4670","81","1090"
"4671","80","1061"
"4672","134","2332"
"4673","109","53"
"4674","185","3954"
"4675","121","3011"
"4676","172","366"
"4677","108","2513"
"4678","111","242"
"4679","69","3149"
"4680","95","633"
"4681","71","3339"
"4682","32","2116"
"4683","128","429"
"4684","0","454"
"4685","143","1157"
"4686","151","1447"
"4687","157","3951"
"4688","163","1360"
"4689","35","288"
"4690","10","2729"
"4691","27","2161"
"4692","188","3060"
"4693","24","1782"
"4694","171","3395"
"4695","48","545"
"4696","115","2161"
"4697","78","3771"
"4698","128","3293"
"4699","101","3100"
"4700","118","1540"
"4701","47","108"
"4702","118","2583"
"4703","116","127"
"4704","12","2833"
"4705","10","2567"
"4706","36","3692"
"4707","84","1238"
"4708","113","3312"
"4709","25","53"
"4710","64","3566"
"4711","100","799"
"4712","78","2403"
"4713","132","2260"
"4714","149","2796"
"4715","178","1432"
"4716","91","3447"
"4717","35","3434"
"4718","71","3095"
"4719","149","2772"
"4720","185","3683"
"4721","9","1224"
"4722","160","2247"
"4723","32","2883"
"4724","146","2545"
"4725","178","2795"
"4726","117","2933"
"4727","28","2352"
"4728","22","3504"
"4729","76","1008"
"4730","25","3922"
"4731","197","3811"
"4732","30","1083"
"4733","69","3052"
"4734","63","1914"
"4735","39","118"
"4736","23","3746"
"4737","126","190"
"4738","87","2979"
"4739","194","575"
"4740","186","2793"
"4741","98","3903"
"4742","134","2465"
"4743","141","3046"
"4744","87","1399"
"4745","119","3588"
"4746","102","1385"
"4747","194","1885"
"4748","108","1650"
"4749","68","2876"
"4750","106","682"
"4751","71","193"
"4752","50","2244"
"4753","99","1134"
"4754","171","2618"
"4755","66","3972"
"4756","183","80"
"4757","146","1314"
"4758","164","528"
"4759","184","762"
"4760","46","1437"
"4761","115","3232"
"4762","139","3676"
"4763","70","1279"
"4764","9","182"
"4765","123","73"
"4766","35","1224"
"4767","116","1172"
"4768","155","3954"
"4769","13","1331"
"4770","97","182"
"4771","5","996"
"4772","137","3042"
"4773","13","515"
"4774","103","302"
"4775","36","2685"
"4776","26","1839"
"4777","176","1446"
"4778","130","2505"
"4779","143","2306"
"4780","80","1790"
"4781","105","3116"
"4782","107","1084"
"4783","54","2789"
"4784","69","182"
"4785","25","822"
"4786","4","2276"
"4787","171","2849"
"4788","77","513"
"4789","14","2537"
"4790","173","3476"
"4791","124","3847"
"4792","106","1139"
"4793","57","83"
"4794","121","1786"
"4795","137","639"
"4796","56","2033"
"4797","104","2031"
"4798","174","2717"
"4799","3","298"
"4800","113","1732"
"4801","168","1309"
"4802","7","2983"
"4803","3","1177"
"4804","43","2370"
"4805","188","839"
"4806","109","988"
"4807","84","1379"
"4808","99","548"
"4809","23","127"
"4810","60","3191"
"4811","140","273"
"4812","115","1523"
"4813","155","215"
"4814","175","2769"
"4815","50","1493"
"4816","96","1496"
"4817","25","3862"
"4818","52","2058"
"4819","45","652"
"4820","155","1557"
"4821","141","3297"
"4822","183","2025"
"4823","75","286"
"4824","42","2915"
"4825","85","3888"
"4826","97","1649"
"4827","197","3659"
"4828","164","2251"
"4829","56","3657"
"4830","30","985"
"4831","21","129"
"4832","14","2524"
"4833","53","1007"
"4834","105","3293"
"4835","137","589"
"4836","135","969"
"4837","143","672"
"4838","107","567"
"4839","20","1321"
"4840","33","444"
"4841","54","1370"
"4842","133","1547"
"4843","5","2537"
"4844","81","2162"
"4845","169","1717"
"4846","16","3657"
"4847","182","1330"
"4848","181","2133"
"4849","157","1758"
"4850","140","2264"
"4851","34","3755"
"4852","78","307"
"4853","165","2624"
"4854","124","1038"
"4855","123","2641"
"4856","41","3124"
"4857","110","1721"
"4858","112","3137"
"4859","149","2370"
"4860","14","3753"
"4861","141","3415"
"4862","183","2044"
"4863","67","2109"
"4864","158","1619"
"4865","179","2011"
"4866","43","2160"
"4867","60","3553"
"4868","137","2010"
"4869","85","2438"
"4870","27","2066"
"4871","20","256"
"4872","147","1060"
"4873","52","1645"
"4874","127","104"
"4875","114","2744"
"4876","137","2512"
"4877","188","2130"
"4878","42","1594"
"4879","174","685"
"4880","2","3729"
"4881","114","2057"
"4882","42","1116"
"4883","97","3453"
"4884","24","927"
"4885","182","2573"
"4886","127","3459"
"4887","27","1703"
"4888","75","3564"
"4889","86","1721"
"4890","117","2694"
"4891","172","2744"
"4892","10","865"
"4893","118","2499"
"4894","18","46"
"4895","5","3390"
"4896","198","3852"
"4897","67","1381"
"4898","152","2115"
"4899","47","251"
"4900","189","3608"
"4901","22","3971"
"4902","112","2661"
"4903","3","2370"
"4904","179","950"
"4905","90","1494"
"4906","123","1873"
"4907","19","3706"
"4908","118","2787"
"4909","151","2499"
"4910","82","1974"
"4911","67","430"
"4912","114","385"
"4913","41","3533"
"4914","170","715"
"4915","177","3129"
"4916","130","1286"
"4917","27","1055"
"4918","162","636"
"4919","12","3946"
"4920","123","1472"
"4921","128","3838"
"4922","79","328"
"4923","52","970"
"4924","171","1719"
"4925","62","3420"
"4926","141","2731"
"4927","65","1983"
"4928","64","1414"
"4929","57","386"
"4930","15","2685"
"4931","199","1016"
"4932","113","3380"
"4933","36","2803"
"4934","7","1516"
"4935","2","2213"
"4936","189","199"
"4937","126","1444"
"4938","58","2193"
"4939","11","1536"
"4940","128","551"
"4941","119","1187"
"4942","66","1824"
"4943","144","2465"
"4944","0","3507"
"4945","29","3467"
"4946","48","2738"
"4947","174","3946"
"4948","71","2677"
"4949","119","1266"
"4950","181","1135"
"4951","16","3961"
"4952","190","1786"
"4953","56","1762"
"4954","176","615"
"4955","138","762"
"4956","129","820"
"4957","43","2876"
"4958","30","2625"
"4959","149","2551"
"4960","166","65"
"4961","37","777"
"4962","37","664"
"4963","30","3767"
"4964","113","3236"
"4965","77","3598"
"4966","22","2223"
"4967","155","2036"
"4968","78","2508"
"4969","30","1173"
"4970","43","2692"
"4971","111","3629"
"4972","79","954"
"4973","60","641"
"4974","83","1825"
"4975","22","252"
"4976","100","3875"
"4977","129","539"
"4978","179","1886"
"4979","190","926"
"4980","154","2398"
"4981","142","1986"
"4982","20","3347"
"4983","135","415"
"4984","72","2670"
"4985","162","3059"
"4986","117","3869"
"4987","19","1509"
"4988","69","2827"
"4989","179","10"
"4990","71","1139"
"4991","167","170"
"4992","120","2953"
"4993","105","3699"
"4994","192","17"
"4995","175","599"
"4996","157","1281"
"4997","19","3895"
"4998","45","1911"
"4999","61","914"
