"0","twoods@yahoo.com","scrypt:32768:8:1$dp5mYBG9K5SI6rJd$afa1251213f0901c1de110a1d074ddde3884918322af03c56496488d5cd17a72a0dc67ed55081365ae571af371d18b4c352f9fca44f97ae332f2657c33f3e5e7","Marissa","Lee","-32.5958305","127.674613"
"1","christopherjohnson@gmail.com","scrypt:32768:8:1$FziXIvHZEO6QJ8uJ$a14b047cf97f006c80e7a47f96ebe264ebd99f87d82f34226197249295eee1daec2ca9490f66de05173e8ca95570d833a4c41541e946c35caa3ca12a141dc2a9","Dylan","Rivera","-9.7474565","142.318777"
"2","kathleenlawrence@hotmail.com","scrypt:32768:8:1$DsghruajSy5XbG2k$aa57f09aa1d606baf4280d282cfc8adfab8680ce7c236d5a0c2f4b706143023a04aeed3324af0d65d9505652946d395456463aa27436a01c15efae9fec37aa9a","Nicole","Carroll","-85.4092445","-152.432993"
"3","hzimmerman@hotmail.com","scrypt:32768:8:1$DrgOQmXbiiJFPkpn$96bde708516ea2f84ff50f201dbeca2e39509f30513c191ccae98f6a8e963c5a370911097e1bf08e58f23ab36efcee481c18eabc2d7b83c4af000bf8f1a33b35","Gregory","Collins","83.2787735","81.962796"
"4","johnsonmatthew@gmail.com","scrypt:32768:8:1$uXGjn9EVJaEYsFyB$fa356f9398dd8c4b78d4fa490cc66086e951f6a6b8fd06cdcaf2ec62c1b9df33830651ea7636dec0fb94daf174dedbccb9d8d4c76c65dbbd7f290b6bad42ac3c","Amy","Nelson","-87.878332","-0.832990"
"5","andrewhall@yahoo.com","scrypt:32768:8:1$s9wVC2BCWzTMZfaX$8f546bcea7b170402a9a886a84579e126df9aa79c20a179aea7bf1e2faabd141622ebe3127bdc7f1fbc77e00a2a4e439d29e4af292f6c2d70f29819db986b833","Angela","Palmer","56.050797","-0.777465"
"6","cassiehunter@yahoo.com","scrypt:32768:8:1$0OvYHPgsuyWaWWkf$4d662e611869dfb2d6b1da22d3dd29b2e9659e946e0777edc58273625d4ac0d1692d32d3f7e527b11df4eb3186bc6906567e7311e30b058732428bb109a519a2","Sandra","Sanchez","1.0345525","112.880840"
"7","stephanieroy@gmail.com","scrypt:32768:8:1$FxoVf5ctuo9E1ddB$8d2a0ac72528b2dc039c130489e7b5a78f6dec3118db75ca2f8639b0232e6be31e83adbaadff561812de4c6462a22ff000bcdc968d138ccfe913256536ed9867","Kimberly","Calderon","-10.4400495","15.376538"
"8","david86@hotmail.com","scrypt:32768:8:1$5jTBA7LZhb4L5CC4$d67376a5c452b54f13d1f1ce311618c88bbf922fcda596555bf80bc9c87d2d9e6e6909e7b81d063d743d13c2df94a9524dc6c3740e51be730b97a250b3ea7fe6","Ryan","Howell","69.031434","-10.535343"
"9","jennifer94@gmail.com","scrypt:32768:8:1$WOByaZozeHJcgDzb$0369c6c1ebd31793c79f322467c09ea53c968f8f18546d485c1503cbdac0b7b19d83a406fdfcdf3e657b1b4b373a5462ff58a5e54d5b81a026aa80cfc56e47a1","Jared","Watson","-83.7079955","-117.579135"
"10","christopherperkins@gmail.com","scrypt:32768:8:1$EFNV8zZchxFruV9d$937c20e45d592bf091cd8642aaa3b4fcced64e2f8cfbc4b2830d883a6a7b48a82333d596f4a765d7cd2b697a7f0dea81d1b501deb9acd900a332c9a7fdb2ced0","Marco","Ford","-25.873961","-108.362181"
"11","wtyler@yahoo.com","scrypt:32768:8:1$lBOwMRG2PzdOCqsX$525307b5da3f2cee208ef095bd8e0c506fc2150d98613e82f882a5ef08e0fe36da2c7418311a551fdaaaf664f2d653171ef09147ef91b36c65517c89fccd1d82","James","Peck","60.7549455","-57.793608"
"12","waltertaylor@yahoo.com","scrypt:32768:8:1$M1Ooi3Eav5bEGhfF$05673146dd9459f66c7b827b0fbe996b4f76f8383bc839ffd42f73dc673870ee3e8a001c1bdf531072f7fe8070ca06c7cc56d643bdbafb5b3787774a18f6f039","Jessica","Martinez","14.908252","-94.430048"
"13","mckinneymelissa@hotmail.com","scrypt:32768:8:1$NLFakvykmCbXuzJz$9ca1ed0e201401e18dfcb6dce4cb4fbccce03205ec9a3decf64fe4de3496e8997d271509453c8ee9a34f4c2c1c530d4005b23735439f43e8a06d647c0dfd2178","Joel","DVM","-79.312363","-98.412961"
"14","yobrien@gmail.com","scrypt:32768:8:1$X5MorURg4n3hnWjr$ddba48fea69691873d68ed1096c83db7527430ab18256772b96abb3b24bc3fe215ff2bbe84ef81b33c47da63e92fb9fd3150d44f12fc61c84647938a42d00f1e","Derrick","Wyatt","-31.5028315","108.023306"
"15","ljohnson@hotmail.com","scrypt:32768:8:1$0WH2R7lJ4H4gRX4t$769f10c160ad3ceab8dff27322e49b2efda48e5fbaa022a1b139aa30debb4f9bc13594229a862a4a0616e82f0244833dbfb66a7590fc750141c124af3f2bc5de","Brittney","Richardson","-32.9462695","19.627668"
"16","danielle55@hotmail.com","scrypt:32768:8:1$bwmZZxPSR8RR22fF$57a6ed2703e2626ccfeba9f6c5cb939a3bd0691f2145e7066dc9d9c3b3612cbc04eddb52b2beaa658103ce8db0d11b89df81cb525ab22696160012d840009a4e","Mrs.","Davis","-30.4031655","-36.378353"
"17","juliecampbell@yahoo.com","scrypt:32768:8:1$g7tYHYtmr0L3On9y$f4112c4d80cb97db05b642d90371610f447a520d9f41eaec99cc51d50eee84f5b8e1442ed0d2f26270e3cb6e352b6c5d95f50404cb345414915fec22ed7f2225","Monica","Anderson","-53.9964525","1.235751"
"18","josephjennifer@hotmail.com","scrypt:32768:8:1$z09zzTdWEVG0HXtZ$344f24afcc9631336d544b4aa80760a436942d76a93aae4b6a9b871962d122b1be714bcdb5156e5b09597e449a666609cb38a3f0858af5ba5e8279855570e9bd","Cory","Wilson","18.5835625","159.619146"
"19","stricklandamanda@gmail.com","scrypt:32768:8:1$DsZVGMRSr3BWoadY$44ed6d09cc402baac4321a3b73722a0965bb4d1c00983deeba593c24571f56620fa56e6764be5239b07cacfc666a18e39b386b96d870c3a1d51ade49995d42bf","Andrea","Campbell","-60.494305","68.785689"
"20","michelle02@gmail.com","scrypt:32768:8:1$33q1932Tt24larYz$256c3f12e402e3aa66727ab30c8d6bc9e2881b3555593db337e036a4154707f9d9e21e354daf10d7142ffe9cceeaec613a79d188ef70aaf45f0aba3d893761f7","Tracy","Simon","76.140314","-85.673046"
"21","alexander84@yahoo.com","scrypt:32768:8:1$HyWzkfcwsON0zBxV$cf80253e02c8ad3a361a149fa916191b6cc49d67709e6e0c89fb0b1aaa299ee797495e906d308014b4953403df2f63e3cf08ecbdc5dc175855babead25f96b3c","Sean","Carrillo","48.224123","104.144100"
"22","carltorres@gmail.com","scrypt:32768:8:1$adshXyNZKL6op3bU$84dcc90ac37121ea922def349a4098c7f578c26a13af6d48bf23e803d4777bc5fe05e7331e9cd93d107da4bcfe73a832e95e5c785aed325950a4b94ccd60a278","Sherry","Rodgers","1.727120","107.550854"
"23","sclay@gmail.com","scrypt:32768:8:1$vC0AMW1T8XfbewaT$6bb737dd90e701cc4898d86d9a44355b004d48f97628e5119218737f2fa7503dc44be85930f52e213e84a8ff63aca72999691d502134a0300a3dd0ba7a2b571b","Kelli","Collins","87.447592","-30.373918"
"24","fkennedy@hotmail.com","scrypt:32768:8:1$l8TIIAAUeZUgdjV4$b23976181f2fafae02263fcee6c1cb5768a988d7f51d544da51dbec78eaf3fcbfa843ca81e9bd0cc5707da9ad1e17dcf9dc2ede9b084636863f6bf0409ac4f94","Kevin","Campbell","7.6165335","61.092387"
"25","harold64@gmail.com","scrypt:32768:8:1$vR2JDOyCpOIw6gqQ$ad9b0da35004f48df4df58a435363fde5c535142a9c995e5aa264c86f06503b82cc4fa6e08b9d29b0d909490c3e56cc8c516979bd7e6cb505bb5fb6e750171c0","Vanessa","Young","24.390253","-34.117161"
"26","fernandezdonna@yahoo.com","scrypt:32768:8:1$odGaiNfxBQ6uS3AM$c1aa13dd4ba1197a92c4d1d36fcde3d45f37b73b0bdaf23c3617426d92488ae2f470f7c32a6c7c7d2b678980a1c6d9802aa8114d9a2537fefe839b2cc230ddcd","Matthew","Miller","-55.108569","164.734951"
"27","timothy59@gmail.com","scrypt:32768:8:1$BMn4jGfZDEoCYfAz$873fac2fc780dbccc18163e4aa3bd9ee66eb340c30d6db11919170fc4c455a4dcbf3a1a3c9f2be06006025e0f2da487312be54934d41e253864b574b8ed05947","Jason","Sexton","60.8537395","115.493247"
"28","gerald61@yahoo.com","scrypt:32768:8:1$u7vhaJa6a8cn3L1x$0d83c801d10f303be2733237dde257926843759037a685c746096523db945026b58e5b5b891adf15c044ec5148d2bcb484f64263fd4de6ddb5c720034af9bebd","Christopher","Watkins","77.828458","-71.093430"
"29","cmorgan@yahoo.com","scrypt:32768:8:1$hwZSsemncxjG3FfO$433069abbc7105c735e4bd4922721491ba7cbfd8841c51b1d18969c77706629a300b6eab584502b52b1c786b13c45e6033c2fe9464c43e54885d7a8a1e53090f","Nicholas","Collins","-29.399651","155.241427"
"30","jonathancrawford@hotmail.com","scrypt:32768:8:1$BM8YQlYoaFsDCqa0$ab05b75ee977b69e72e560fee2c1c8ccb620ffd0a9ee76a5f5f4d8c172183b036da29a25b22c5b5e862c60a2650f0a8e5e90a14d810e3446bf2073a0276e1b60","Thomas","Clark","-56.115634","100.380437"
"31","amy61@hotmail.com","scrypt:32768:8:1$KBiQamADJC8kXD7Y$f71ba95ffbba4d2ba29fa32db3871691c479151758ad5d7cc6f34c428e6887cafd156bc1277e940c578c0cc823212d37770169e1acfef194e28937bb9c3aa089","Kelsey","Wood","65.1970705","30.492280"
"32","romerokathleen@yahoo.com","scrypt:32768:8:1$Nm3xgy3J2fB5wed9$e0dd50b9dc642d47a49b136b840bb9448b2ffcc780b97b04c5f8a30cd905cd2186cbc6711d94ca3f08c0fa02d789da6bcf7c0a6c4884f64f5a4fd4a4e02b8674","Christine","Harris","5.0506635","-93.384442"
"33","powellchristopher@gmail.com","scrypt:32768:8:1$j4iwyJ5q9VMVAT7K$aa8809036ca56eb0b4ca01593799e8d12e28eee245edababf3bc08db3224879a0404b039312519320ce83ec15987423f5e37ba7c66126a10f8bcc5fada15c46b","Crystal","Jones","26.7460515","-151.205154"
"34","pdavis@yahoo.com","scrypt:32768:8:1$u6cayMQVoCTeoJki$e4160d2868bcce7c22fabfd1118635176f36b5b7d3bcbbe0dc9e3045e28e5a91890f937ddb70955fb8cda18b42e926d9d9f5124c0baaa3afb2a37ded13f5a3c4","Mark","George","-60.0685685","-68.453440"
"35","bmiller@gmail.com","scrypt:32768:8:1$T899vRJwRmbwSVyo$ee1788aa7c42f39662109d441a331b85badc24c6ac0d926ec4d4ec14f3b5d3086f0c3d666729bb2037260ac09beb04dd227a2cc68faaa50416ff3b52d315f9f3","Katie","Donaldson","-86.8739765","15.964567"
"36","ricardotrevino@hotmail.com","scrypt:32768:8:1$r8DWnqbMxQ9lMwTI$584d0e0d274d23851a2ceaad19b0cc751b7d97c8d562930180124cf5a3bd31aaae041e0feb7c5f4e6ce74e21d1326fa8d6ec1c0315c4475a6384154e00c902ff","Lori","Mann","0.689537","-36.240394"
"37","melissa33@gmail.com","scrypt:32768:8:1$j2xdxWwx4FkggDFS$62a2986a8123e946c09850b211590ab0f0e527f613710b49b0b5f5174ded8b7f5cb63cfa9559eb564160185e679038837942f2a49ee0e5a5db5d46d546e4542e","Kendra","Thomas","-74.242768","102.018116"
"38","kevin26@yahoo.com","scrypt:32768:8:1$nHuYHoLm5uNmZl3w$f49ab793108b6bb9535772f79c6c7f20e50ecbfca88038ec9ba562886bea28f7b88b6261fddfef27502f7f94ed5b9fd630d90d219b566f32f388b07357ecc18e","Chelsea","Brown","84.599746","112.083682"
"39","whitakerchristina@gmail.com","scrypt:32768:8:1$mJbJvnC9qTUBXqpr$2aeffa4b73da5789b4b6bd2e4418a79ab02d7b865d84c8f8955d597bf342de6cf730856b52da745d4258807179cdd44a31a1db8e77d0ede1b4f5d7c93f55fd30","Sarah","Davis","44.194580","165.770139"
"40","zharris@gmail.com","scrypt:32768:8:1$SJtmwLe5gTmpeQYv$d840ff1662ac753f022998f4e4f2f2cb0daae0155547ac0ac208a02732386649955d3287b21282bbb5dac86529aaeaa46d28925d61884f0abbb2024f6778cfbb","Karen","Watson","-69.288248","6.633939"
"41","corey81@gmail.com","scrypt:32768:8:1$o8JWzWrToDtFBuHM$3e4da05d28adaecbaac95bdf0bc88bd62e2d6e183e6f670db6a31f301fbae68ea745119dea3e32388d37d200735ac502b730e95af6056080a1190c0816f983b0","Gary","Durham","78.4822165","-57.492795"
"42","matthew61@gmail.com","scrypt:32768:8:1$O9lc4DvJJWjGXemV$7cefb974477ec1c9479855f8239e6941c23ae2f50422a32c1f4fef13d5351158fbd1ecb0b1a03755e08a9a69599a83f941a316b14d0dcfba38c47c7db70a87fb","Mrs.","Payne","85.6393895","-32.160923"
"43","bmartin@hotmail.com","scrypt:32768:8:1$yYRDAFHBMrmg3OtS$7fac785a1fad4223e65070aef5ac14c18866c6801b9235844fc1c6da2adf561b9ecbe832f6b2a05dcb9529fb8db613dbc7af79a12f4f6395ce8513c55371a467","Raymond","Cabrera","59.7912535","-130.683313"
"44","wendyhamilton@hotmail.com","scrypt:32768:8:1$JvrMPHQwDO4KbnJp$e99f332b5858badf6e98923a6932a9a96cdffb329dd712a52d92e8447c90d0221b0ade6c342f42f4795cb9f168c80cc53e0c8067b8091034aaf8e8a06d16822d","Cindy","Martin","-81.5913535","-131.204692"
"45","terrykenneth@gmail.com","scrypt:32768:8:1$DDmwzadsCNkzixg4$c09b6b50b66aa668bbd651c38618c59cc81dbbf82b5b8066e691419fe6fa405c18fe0bbcd16764043f4a36ac9f686538cda664f02dda8b28185b5d8429e8283f","Wendy","Miller","85.1300765","-152.080288"
"46","ssmith@hotmail.com","scrypt:32768:8:1$TZ7AK7XTodkQzgEy$cf73a6d6cdda9df28d737b70feec846bb8f4644eb8bb4b3c4ad1155362677d64da7d6e5316269c6ae586d9112a7ce2c676925ea0e3ef381cc9b683b6e6f2f0bb","Victoria","Perry","-89.670404","17.634926"
"47","jessica35@gmail.com","scrypt:32768:8:1$iXkBSHRb500yf6VW$fe121cf412c3d7da96f1fad536c5662e3b785c31d8e9f121267a33bbcbfeed50b8f3e6c86161a1bdd8eb1833df7ae10add36fd429e801d966f074fc336fdcb18","Samuel","Austin","52.413791","-14.945684"
"48","ptaylor@yahoo.com","scrypt:32768:8:1$iQSvXVlsCr2E9cUT$024907013469c2487a84872935b855e85e19f68b6bb54fea7c6e29b2fda1c110f6650b800f6f5d44fcae0c76971efe04ab9434d79a4698986c481a3db0fff547","Nicholas","Chang","-20.017645","103.020944"
"49","edgar35@yahoo.com","scrypt:32768:8:1$4F0gQslYWvXvrqfH$a3b28eb18f783cb064e8500ad8bd9cfe7393e92dfc1c09dfcf7416b11bd777da934012c729a0246b3ff69d1ffd37d8266546f9a2df2245ce4fee1d2b2e71b42f","Erik","Obrien","-63.683356","130.254298"
"50","diane44@gmail.com","scrypt:32768:8:1$bfuUpT3knqRroVYK$59753d4bf97d2bfebfaf5c1df888cd4a993c420b964dc7ebeff22272345cd812a1c7a6d2e36873ffdbe0588a3545a00ca6789cd7671215aa4ac6d49a8301ad4c","Travis","Oconnell","-80.931875","-10.292333"
"51","duffyrichard@yahoo.com","scrypt:32768:8:1$kQPHvPOmHqLNfsIe$f40989c4779ec3a93ae7036aefc65eead7113e89876dc841bdd44b76a982bf0405f362f017c85793ad645f6870e7dceaedbf4bf149ff6c34bed414c0bd6ee34b","Thomas","Contreras","12.683760","27.926481"
"52","wleonard@hotmail.com","scrypt:32768:8:1$uty9NezKXPDwMnnX$28db60863710151b923ede2efc9f9ab924a2f7d9f0dbbf96bf247e0b9d87b3f5927cd9adbd412d1514cb5efb37c5c824cb6b7e4af014678481dc0f6c86ac98ef","Michael","Lane","58.438011","36.668214"
"53","byrdbrandon@yahoo.com","scrypt:32768:8:1$81Ee4jxLengb5nKt$7594cffaec934524f6e300d769ff2e51a02992fb1906145cecebfd9532b3193f77dbf9c7a3265b91310fe23da517f8263ff7e821e92e5bb503d81d7d105d2534","Sarah","Wolf","-1.3950335","93.993257"
"54","hilljason@hotmail.com","scrypt:32768:8:1$IU9vK4ZcqaQ0ZQ66$f16d7ed38b4894afbc40adba1212ac3942c32769a042e783c2c773d09c04414fab260653f0c3e6fcb77d51f2fd04797e6641abaa78eb5bf0333a6ce7bf5117c5","Sheryl","MD","-54.417321","-88.208904"
"55","thomastammy@yahoo.com","scrypt:32768:8:1$KVNXAIXdbCpB2df5$e7edeaacbfe0ced573b47f61038b48afc3ab17d09f0791f0d56e634baed5c78713e0f9f285fd74137c247b70a22406324e0b42fa79658ca3ccd0af33c22c11f4","Robin","Dorsey","61.3216515","-111.600175"
"56","fgray@hotmail.com","scrypt:32768:8:1$O4UjWFTFLUm4pH5m$de422817ddcae58d28fa2f965ca514b883d95288a5bcd406f1029eaf276ffabec2bfdd137fc9ae500e025d231773a2a4aaaffe5f23b264d7634f3c8314f70c22","Frank","Morales","44.0666115","33.520446"
"57","reynoldsrobert@gmail.com","scrypt:32768:8:1$uP6VmJLyPwV6xcg9$763f6152081d5c800fee2947b9349d64848bf620f60b1dac4aa4ec78d02daa78b5a9b41d9f0a66bed18c5e15c4ed1eca4093d9ad01d26d8bd780d205ef12fd68","Tony","Cooper","39.3705435","33.538945"
"58","richard32@gmail.com","scrypt:32768:8:1$PNflKRjHv6dbBEBl$4fb7b7551f82066e9ef45e74394e7f9176736709af7902fa3e2436bd1a67c0567efff816a6c8d6c9df501e76b65d17e5367c3ad9f9924384aa94cb7292fb2bf5","Nancy","Molina","55.055441","65.354797"
"59","pmann@hotmail.com","scrypt:32768:8:1$VYd0kVPfpddkBMAh$ea87e4f8ca930e50f81b3cd2793dd41533834bd7c25fc1bdb7b450c33502f8eb9cc97830ecc6022103d0f8f7e39654f217052ddd27fe4b5185040cb7594f4821","Tyler","Hill","24.5097275","154.837047"
"60","ogarcia@gmail.com","scrypt:32768:8:1$Wz2bGeDiNJbM7XnB$51d70f951c91c19886a7f6bdbddb7f9bdfb90ce130fa41598f0a2ae083aa0b56a820311f931f8c935b4c97cd8b46810fbb495387e52a5202ae5ac59953ce8e9e","Andrew","Miles","72.803192","148.569723"
"61","billyclark@hotmail.com","scrypt:32768:8:1$s07GQGM4B5OyQPl6$0dc96fb8d0f8f95584c12c052b713ff949a2118a10c3ba623a9efbe672b3a51f388eb2ba712dee55891b1a51cca12b3b63bff461508b151c0535641a8349bf27","Steven","Cannon","-53.8459735","-106.270340"
"62","bdavis@gmail.com","scrypt:32768:8:1$HPkgI6qEThzjUw3R$b7256bf2c2d45b04d9ad3086ec7d9e47f74e09eca4a1b9ca3e1d58fd097c979ce31bd94d02ae6150d6fddb58531460f0d3ae41b52b3a049a1de1072c24a94a95","Christine","Schwartz","72.6703085","22.809319"
"63","andrewbenjamin@gmail.com","scrypt:32768:8:1$DsGgsxLgKVpUcAOj$b9702e2802e113649c9c8ee25b74f773eead3870c9555f403c721d29af26b7ca6f073ab1a9cfd48a75dd9ae41e0320298a17227da6996ac4e3b4609b91cc4cc2","Paula","Morgan","-38.5153105","22.497848"
"64","williamsjennifer@gmail.com","scrypt:32768:8:1$FRQN87h0DAwksM87$9499130e99e486e041d20f707da99ef11c580a963004e86ad303fc5ab14f009a9a2ed14ff63c4cc02861df5398b7c606e2420b68b880a8c2f1935da7b220e157","Brittany","Craig","80.585344","-81.111030"
"65","angela00@gmail.com","scrypt:32768:8:1$tT4KD1DcAqMMfCCz$412b649b8366837aae8cdbd016e3d4f9313abb1adac43338eb27cfead23217e2097924705c7a0ef72d4fcd8f7e4867c8e55d505b88d545d806d9b9511d72644f","Brandon","Rogers","-32.3009575","-91.401972"
"66","richardsonaudrey@gmail.com","scrypt:32768:8:1$JcZenbGw6KDRaGBI$d1c92d98edc1977b297caf3b6822ed5e3e72321af9f4f1f5a11879a5d96a9d6ef3ede601ce284fe1a4ecb67be5113e6e2f1c99651ad9c55e46a24ead5f6c59ce","Shannon","Hayes","35.291536","18.411027"
"67","livingstonrobert@gmail.com","scrypt:32768:8:1$2ZUdT8FJtRX0sdev$dd0da701b359f893f1c9496221d623037b3211fc9af6511f556a44aa97bba8be0a656622da80e32bdf6e7c28bce6aac293f9fd4e95d49b41eafac3e690ec6098","Colton","Jackson","77.1349135","82.558206"
"68","gordonthomas@hotmail.com","scrypt:32768:8:1$vVEJPhz1riIymxQM$b0dabafe2b4a8d984db19cc1e00d2931abd6cb33497b2277ee22c329603d407db85987699b51214405fd9bc259f0aa65941d79a05085c97e4a546bbb57cd3fb0","Rebecca","Conner","45.731480","-17.017119"
"69","ujackson@yahoo.com","scrypt:32768:8:1$uTbRUiigeCcCm0bn$2ada747865769af8af785f12df768254cf6546557e13f05424c241d7a1d5b5034241c9c523a2c769b575bd1692dcab83724057deda360fb874fc10c56d1cf82b","Phillip","Welch","-38.1736205","129.682520"
"70","antonio17@gmail.com","scrypt:32768:8:1$XJvGi0Ib992UlDDK$027d8f63c191c909a24607c0636cc6f0b9d83656e952c5d8f2c21ba0b23f100b98d4fcc6b4282179c21682ca64acafb55aede1f6e000e83f236140227c3bbf6a","Mr.","Duran","81.047069","-58.509242"
"71","ccarr@yahoo.com","scrypt:32768:8:1$ZfenY9K69eNx33uU$1f76e14022085ab9c8c1fcad2cef7916b5e2ef3a7c0eef3c272f3ec5cba6aa8dd06721e6bacc88d6881dc4eacf9cd3b6027c4000ca66668af5db4793c0f1573e","Christina","Johnson","-40.7842835","163.233171"
"72","navarrograce@gmail.com","scrypt:32768:8:1$u53TGrh4cN9mnajx$03259a6307db3fbbf856b4248eaa18e61be668fc4811e3acf88bd6a75e5b45dd442d857dbb0eddf7ec973f044c67b05e78b8518379ea48a80f1486253aeffadf","Allison","Young","-59.702036","82.851900"
"73","harrismike@gmail.com","scrypt:32768:8:1$Ms6kzxDS6B3Xp5sN$a35fd7a973c8ad398cb57005e1a1648fd67d69f03929c323f7e0566448000bb893d20721a0ad67959c6c1b2fc8839eedff17e5f9349be9e19c9fcf3d5ce9400a","Patricia","Thomas","58.805417","-64.059284"
"74","fernandezashley@yahoo.com","scrypt:32768:8:1$lPvW6dY0WSF8rQjM$7a8652196328b9cf67b5cc82d280db2b5df396f2b0e90b2924a02c463813dfa502fdc9b3e03224d766512d393d93b3a0e7af91bc0b03212939e6d0e865165bb6","Denise","Wilson","49.1382835","164.610654"
"75","mark34@hotmail.com","scrypt:32768:8:1$vZIpjSoWJyXn1GUT$3d1a7f3a60a61d798ef9df9a4ddb49133b75bfefa4851d9deac528abea9c72f4628757506a81146d5874e58c8954e6d5110f2944f1fd52d8af7bdd4527e7630f","Heidi","Boyd","-17.3363535","153.086121"
"76","franciscoharris@yahoo.com","scrypt:32768:8:1$D87nI5htYzpua72M$df7fc3a4376e24d4787b159d2ec1b0c8621f520aaa75b4d9a6b4239a5c9b78dac6997a60034f6e56c640dad7d0ab3ac969d6c5536e51d6c559613b55e01073e8","Gregory","Pena","-89.6990645","-174.822033"
"77","pandersen@hotmail.com","scrypt:32768:8:1$cPlqJvn5cRsXewy7$838d271de2f0b825ce9d9113d1af4d850025059d86f1dafa3323d2bf349a2a92d02f4af59d5cd79dba339902119aae55edff31857be6a34e082ea9c235124ae4","Kimberly","Davis","39.2949825","74.622224"
"78","robertmartin@gmail.com","scrypt:32768:8:1$b5f87m2VBfoORCLj$1eddcfa752b9bb0bdbff821b95d4f412e980270cd53f628fc381f2775ec9ae25492013ca159d4e5cd5f4e801e214ac11f7d6a4371e2bf6332f555141997a6183","Michael","Gomez","-29.635595","-165.365198"
"79","rebecca65@hotmail.com","scrypt:32768:8:1$iUjFV33w0Krh09at$96a56de09dea4d85a2f4b172ea83176a88af625045965f81832659c38e9e6fe5e8312261ab39afee9bbc2137dd02d68aec946fa6937995f60123b48070b2f3af","Jennifer","Ellison","82.3022275","-118.738999"
"80","fullertheresa@gmail.com","scrypt:32768:8:1$1z2BpG2olOttBbfp$334b30759155d0cfaec39537e045e57a7e3ba7145dd56b2d7aed09d9b13dcdf15d7b07f5e075a7df32100fad240042dc711bb8f424f902243ab809f8fc026545","Shirley","Smith","41.7529875","-135.287931"
"81","malloryholmes@hotmail.com","scrypt:32768:8:1$2nqmEaIYCeo9M1eU$d7b08fe2c7a6ed59beb859695c85b42c41b2198b92acc82c2402ce93bbe14c67ab1fa30746de62d2905dc97a353d2739058c31afda3ed25b84ad358e7ea9c8d9","Timothy","Walsh","-89.433378","101.183746"
"82","jeffrey74@hotmail.com","scrypt:32768:8:1$ogQZszlkjf5HPrgb$82f97a8e8a06d89de09e30e9b26f767bed88de920d838d065776d329703f5cc4fe2b6175b7f80fc5f1f6bd4ac43ecd835c3816b697e3a149c4af1de5839c923f","Toni","Palmer","-45.5950265","-68.570888"
"83","kirsten49@hotmail.com","scrypt:32768:8:1$LT2AbIKjuUboMTNh$596a68152138438012d42cf633db608b82d8d37d79920295e0c1d1ef5623e87d3bbbb31180b67811c951e75738c6cbc0a194beed812fd69e07eb1f4a672ead2f","Steve","Barnett","-57.9029375","-76.496737"
"84","fchan@yahoo.com","scrypt:32768:8:1$r9GDZnTRhQNlNTWG$0196c665ce4e17911b4a684d72a4e238f2e3009990f16733689ec8b2f47acdb747815d43cdcae472eacaba2432f5d288596124d620b55494c5ee8b052e060457","Danielle","York","51.2940885","173.446299"
"85","owensalison@hotmail.com","scrypt:32768:8:1$l1gmO6fvXRFtx9tr$0958a57b21c60664ea54f5acabeee5f75a80e714399a740befd4f56214aa180aab06098a89c504111479d4b760dd5af40d6ff036cc1f560cbc5c90f120a19cc0","Casey","Robinson","-57.9345145","-59.731501"
"86","marcallen@gmail.com","scrypt:32768:8:1$3otvmFxUXcGudAco$0903ed64d88279023341721709d6ce2cf7f1749ed09f300db6b912d1092bfcc3cb67621075bdb3c8e4c3e1849ccbb7a0af61625ab2990c2907f59a852bf7a80c","Samantha","Thompson","79.3177455","-48.285527"
"87","dawnsmith@hotmail.com","scrypt:32768:8:1$vANCjr1u7LeaB73K$d0497808f262ba36f43d58175614ff01bcf79765d54727a8aad37c841a3954a6ea7cafed23860b7e880c463ab607446b4ffde3ff6a2cecf2080300eab059b3e7","Julie","Pollard","-26.5979035","166.896109"
"88","mbates@hotmail.com","scrypt:32768:8:1$X6OcNBLeTmKtOyRz$02f6e096db6d7e53c06f3dd2989fa9cc56ea9a5f01669c233450b96193f9f81e7d8df79b0ffbf61a059493e574c87c0250b78fa6f05b580c9908df76a3c989d4","Carl","Myers","-59.229953","123.487004"
"89","tony58@gmail.com","scrypt:32768:8:1$e28tMVNEXs2on7lB$d6eebd0276625f6aeec81d209e4e9f3ebd57f1f8fca8e688f35cf514db5f257f86f3b89252a2d3f36fd86ea987fe8896ada5fea2c2ee1a5d9a9252bc3823cb49","Kristina","Miller","5.9041075","-116.405289"
"90","mhowell@gmail.com","scrypt:32768:8:1$zhdNvJhBURYWzlNe$e9f666d217ad1012543f9279108f0639a0d7de0f66702ce95fab255f1a2085a8a427ba56556259d55d2630eecfe057267802d1884042620fe4dfbafcbc9c936e","Joe","Reeves","5.9697565","172.383106"
"91","vicki40@hotmail.com","scrypt:32768:8:1$5C5z7Rg1wpy6RByG$f152921d4b2da3325c30f5b45459498a405fb340f7db92e7b335db2b894a5d85f5f551631a1fba8b5921a12081371b465eac1ff17e22f206d8c6a0cd9e4adb97","Joshua","Khan","41.815606","-118.743302"
"92","twood@hotmail.com","scrypt:32768:8:1$KIP0R90UJOjpvoNy$82c84c71f190321c760901a4f82d22593a2fcd6d3b9196b651142e150b3b6041d8c4214f285b07156c262cba603826b0fd565188ebe88f6fff50b1f4d6d80ce5","Travis","Jacobs","81.290891","-167.558291"
"93","cweaver@gmail.com","scrypt:32768:8:1$LlBtrq6XDfQGFU6U$3c2329e6590d427c2e75746ba48027e7134ee2948878ed5364f685ae0ada21df27424351c2003742826f9c228deb0159f404f55efe6064dbc4a3ab83c06bda1e","David","Castro","-58.2905535","171.575927"
"94","twilson@yahoo.com","scrypt:32768:8:1$OY3OOrqik3Rc5SRP$7fe5765861b620aaf2719cd6eae74e35afeec59e6a7345b535debafce4e8a6de9dd2d80009190ef03701c1b22a734c485b1c5f96a31fdfa1ca95f7cc7748bfb3","Kathryn","Martin","-74.955986","-145.878655"
"95","woodscaitlin@hotmail.com","scrypt:32768:8:1$w1F90jadbt0pJ2Ap$45e60d61f5d72300094e5c2a0073d6651f98e0443ff8f26e01e2c105186e0f1cbded53e9889fab49db41c784f02dfb182cab8650dc200bd8b565f6e37f1d0753","Jessica","Mcdaniel","65.471960","61.526842"
"96","jocelynlopez@yahoo.com","scrypt:32768:8:1$7GCqZnX25SP02x8x$50c40cb1cd93df3de3a3dca13ee371a438fab8a5f53cec31fffd79ffdcad7f84b1e8c16716379bffbb05ba38e0ed18932d27c8b504469edb17fdadb0a91d3488","Crystal","Hoffman","-24.413354","73.913534"
"97","williamslucas@yahoo.com","scrypt:32768:8:1$1RP7ZgvahiL2mhHC$aa5be1255cb4706c8e75f798f1551b125f094103cca15a2c99aa73e145308db51ed75dbd3441799bb96ad3bcad91b54dc79615d65b39dd1259bca19df717a42d","Amy","Boone","-8.570692","-145.045599"
"98","vanderson@gmail.com","scrypt:32768:8:1$YmyAEVrXgfRZ7i2K$99be26c73e3a2a28a7ebbc155ae0e2482bd888eb8eaaaca6b4929cbb72ee877b6d37c35563a752f213a9fd5dcec25ec04c187ae84b1202ebc06a71852587e030","James","Gutierrez","12.898720","147.668263"
"99","debra35@yahoo.com","scrypt:32768:8:1$NPfMUc05MnUEHcTY$ea1a08bdbc853f3c0c551ddb31c5281baa11096f027008c875273c22b0aae715531023dcab529c00e22086ac0bdd33ae184b607f294da1879ea975afdeff408b","William","Rhodes","-13.132004","165.633539"
"100","jaredwheeler@hotmail.com","scrypt:32768:8:1$h5bLIJITGbPqMEJ0$d5933244279b6d6c3c5d1357629983d678e27cd9ea90800c5221fb6a433034d335d70142a4b477b59f25497c9f1594f3b5c220d744a8a4fb704bc716a386b48b","Maria","French","2.6481365","151.750245"
"101","teresa06@yahoo.com","scrypt:32768:8:1$jIH08ELZPMoAtvCG$403340483c5c6c353a9220524f3efe3c9702f4ce5fef35d3f718618983f14dc407b3b6b5cbffa32469f31b61d161e9b1ae08de06c862b32cf258588d2e0837e3","Kimberly","Hansen","-28.2457115","34.213076"
"102","kreynolds@gmail.com","scrypt:32768:8:1$2Izskxu1MuDA6M3k$d69d2845378a9bf69f8f0512901af50189edba742a69db74d924cc5d52f28f69443df3b7c86a96c4bd8a6b18e6fb260307b1fbf536a08fdb4164612dae5d9405","Susan","Nelson","62.122373","-86.586806"
"103","nichole66@gmail.com","scrypt:32768:8:1$31d5nAhRqrnPTmr4$86ad90a3594fd1b021570e65462cc8cd723e7c65fcbcbe5d17eb90128cbabf7bff318b87dbdc97192e7b0e9befa2c3cb37af0047d4c90923358be33a65a0cbc0","Mark","Quinn","-14.008447","29.447600"
"104","bennettangel@hotmail.com","scrypt:32768:8:1$UYC2Cho411MpP0RG$37106a53d8113cdc46d42b041b3a5e32e23b9e45e71dfb048f75cf5278c8578f390a8af9d0e479f84e83647ae76c1a5a78e1e329bfcd9e9af5dd77b89a734607","Amanda","Barton","66.7265315","70.418792"
"105","audreystanley@gmail.com","scrypt:32768:8:1$xmbqBpXRoFvE0IfT$c2e636fd19100ac669e3375d6393eb6d3dea287f73cd29342ac26692c7447a2d914fbea198c63aa93c23b82e55f40b71b72c6c7e8edf6d7d907bdcad4c698b49","Corey","Snyder","12.1731605","167.032733"
"106","evanstaylor@gmail.com","scrypt:32768:8:1$lWHknhFdRKwIiyBT$10470372fa14e8c4e3df139fb443ffc9ef4c9b7a324c2b8bb58d82f6f82d413f58604a817a59e41c93b4d79b4c2dc12e6c03a1602ce1047a6daf48a7aa2d99fa","Tracey","Dorsey","-85.751897","-138.936941"
"107","carla38@hotmail.com","scrypt:32768:8:1$zV8XBCy1WJHUALQq$5d0ea7dc143b7342d7415e04ddcd6a9e417b22413cbd850ed296e3a9d44780104b60a3e80f1589e9128771c6bd143166e99742d9aca31f432408d4e239d73c47","Jonathan","Flores","-3.134264","5.722511"
"108","connormacias@gmail.com","scrypt:32768:8:1$c95EY4MhVsOFqJeN$eb4d94e1b4a64c71205af0ea3ef595b842879f76237628d3e56e9b195ce8a69cf76343e7b7a640d3e74c98664a3880924563938e683b1bb8d43cf29e9cad992a","Pamela","Schneider","-33.788568","-10.132286"
"109","amandaduran@gmail.com","scrypt:32768:8:1$AeM5Usza1vEP9xRP$37e85a5b43906c432f6c4c754da806e737ba963ba257aad8a1fc499479ba66782dc19af3d80b1775b0f717c69d917c667b6925e6d12b598a10836ffce1fc9603","Dale","Lopez","57.017559","112.665460"
"110","martinkaren@hotmail.com","scrypt:32768:8:1$iiEqXT4F8UHxrN3l$466c976f52bf224e035d0d75f83884d70ca9060cdf153dcaf77d2c5522fca83b8a82490e6a51320da0eee476fe45061f2f09e7f00819d6ef988def9168b93ec8","Jason","Bowen","71.545611","-102.384718"
"111","hernandezjoshua@hotmail.com","scrypt:32768:8:1$8fQozkIa80WpD2eq$cb1a8f6a79ea557bea6b55bb4f3686eec84536f0f037f0640f3a281731719d0a96e56120b00118c8cfc08630d0b5af64eb78782df4d5f047223c4468b42dabdb","William","Castillo","56.9441105","-73.219048"
"112","alejandrokline@gmail.com","scrypt:32768:8:1$87Q3M2Cu44OxASF2$a3cd48848992c88784022ad894f543312e24100dc7411bd88ca81eac69ac4749a5cde096a81be317f52a277ce93da588309da128a0c10748fc67b6fd2ddb7b9c","Jack","Wilson","-25.881147","-171.470110"
"113","arieledwards@yahoo.com","scrypt:32768:8:1$AH7vfWBJmoh0usY8$daae790cf3243aa1fc63e05c6ab380acd7f5298c44c5e2ddc168de3e0be02312f8ddf1be882ef81c73b14205d391025efacc34cb57cc80bbe08212e5453fee60","Kenneth","Elliott","-31.759030","-18.234759"
"114","william66@yahoo.com","scrypt:32768:8:1$Vhuex4BjnQJTAv8x$3900e9da4b22b81d4987988393672c9917bb1a5b9d2b055da812582b6cf59a4858fd714879f366c7ab9847e794d3fb813b7fe7f680a511f41b11949b9edce5ac","Aaron","Payne","34.695145","-72.094377"
"115","james57@yahoo.com","scrypt:32768:8:1$Ufw6JRbKESU86Tl5$dd7999dd9da368581f55e2ef641c2fb034cabe48ae15790ccefc9e10cbb680d644842d04f9f0ce8beb1144c527d59ab6ab1a7b565d27006b0dda8dbcb847956a","Antonio","Wallace","46.4273505","31.079663"
"116","kevin02@gmail.com","scrypt:32768:8:1$ccAYAmQS7FqtErp1$3f28a5e6907de5e782a76544e5489dfe251f0e4a550b9b9eba6b38804888d568d043b414b11411a2e6d6c6c707f819837443739b4b25916bfd3b976e0c5ccdf8","Austin","Perry","-34.172348","-118.729190"
"117","george72@gmail.com","scrypt:32768:8:1$y9Rd8GikOrPFLVmS$215394695072b8536af839e63d93848f904fbd51402d4a751b3ddcca060d21ad289b0cf05628d5c19c641a336dc62fdc7d37e7a7988f7ffdbe8dc7665e83bbaf","Joseph","Davis","-1.5133135","133.153434"
"118","deleonmichele@gmail.com","scrypt:32768:8:1$Mvi6XlhxsHsqjfQ9$b1d509a1be3b4958d193bcd7404b5ce0a36bd0061ddc0a76621b4a4634820a7812a2bc1faa8d33e06d6504cb1e437b2a1676a69e84138363cfb32b4c8138c0c6","Rachel","Stone","68.906715","24.495783"
"119","jenningssherry@yahoo.com","scrypt:32768:8:1$fkBKohdavO4cVA77$ee7a8e5ab2c90c7e9e33c039c228ade2da6db96233d132e381a1bceee9975c2bf897363d2536c709ac9c800cfafbe18f1b51a69fec4ac51c0ab967e5dbfc07f8","Linda","Johnson","28.5256825","-155.368748"
"120","johnkirk@hotmail.com","scrypt:32768:8:1$xCo0prZYasRlqbfu$0ba38fbdc72f6025b62062fafe7bba45d9c50b18ba953e3c1ceebbd24195cc17d4f32d7c4c169a32d0c6dff2b2866177b039f02850a32fca2f9f23b9135bc595","Toni","Adams","66.2759995","-170.571365"
"121","fgonzalez@yahoo.com","scrypt:32768:8:1$nMzaAI4RSToWfO5L$42904b3cd621a0b4b9684d86b79513496c09c9340358b226972619a7a5a6344fadad6e828842716007bc32974e530356b6006e9e855e9289e4510e91b0ed91d4","Kevin","Jackson","75.9596765","142.700201"
"122","millerpamela@gmail.com","scrypt:32768:8:1$mRDUmF7QS4r2YlF1$efbf7207acf2ec25e1d6aba3cba5d9722fcc17e72a086bba6ec0696197ed0fb564c5ec609557c89e06dbdd3098fb92961f9ceff8d661bc00793a3b2c936e1560","Melanie","Bailey","33.5903215","53.197136"
"123","robertsmary@yahoo.com","scrypt:32768:8:1$ygXf3712PdoBymjd$c01f4a287f0f60c2d5add570f1e72f06bc65e8fa03cd07bf8400a3a29d91c21d38ae3d461041b01c1d32c8e3c4504921e04397f91f3e6379285ae1cf3d4ae2f4","Lauren","Kennedy","-50.071152","177.378560"
"124","brittany03@gmail.com","scrypt:32768:8:1$hdabb1lIsCLJw2ek$a086ca27766c5767d76868cb3570b662a0a8d0b64f0dbec1af10e9f64f4057c93a1a3de0ae2902d5a38db063bdaa552ccc4dd4a91aadb5a51f1df818b5a105be","Alexander","Gibson","3.220086","-17.472713"
"125","shannon32@hotmail.com","scrypt:32768:8:1$4eU9g4OLTRTz1kyk$8ee61f49dc23e75ac74179dff0f4fd356206fe430d8cbc08200f4ed8643797d92a495bfcfd78d567d0b3add7e2cb1461db4f49158d3b96e2a61afc8d3e901dbd","Nicholas","Randall","-66.196041","-22.590085"
"126","emilycampbell@gmail.com","scrypt:32768:8:1$v6lrUDzonfIdry05$251a62b58778db992b08b4113612c85be789c720561aad8462089560dac6074a13ae965ec599d63c2b5399c69856731025bdbec25f075e1e166cc58b96ca3463","Ashley","Fox","-22.422826","155.745743"
"127","osmith@gmail.com","scrypt:32768:8:1$z6ZqIGmeCGZrwoZJ$0ea4adc3be9eb83d4382cf2de9ce72bb1a5a044b37e73dd3731fd1f004c9245f2a8ae318db330754997e2e05165303e391891bb4c366e3a07ed66ede98056ec9","John","Thompson","16.579235","-100.913999"
"128","hstewart@yahoo.com","scrypt:32768:8:1$hB47wP16SEXNHw2o$28f33cdfca741a566d1fdb0a3e6e0d4369ceee339ae1734cf390506c8c33ffe8d285d1db9e25fad40b6c5df2bb52e5fcfda69550c65d5106ec58f5be9b7205e2","Eric","Baker","-21.929410","-94.308070"
"129","gonzalezscott@yahoo.com","scrypt:32768:8:1$YkDwvnG2qBvoBuni$be73045fc552ef81eb5809d58e1bd5019cf711ba5f35391ee08e3d55c6d74bb53bcccd0e9af40564aa8f0e4657ad568ce107220c623b99ca4e6e3f13b762230d","Chase","Jackson","-57.385917","92.377360"
"130","yanthony@yahoo.com","scrypt:32768:8:1$sk1T7RDTLwkJaPQT$f0fe63b86a312640c20eba9f04ca0e2a0b7919db5e800d5682463d62745b310e640b3fefade24f528b93ee9f1c9ff9381fa055dab46900fc891ab2d35e9e83c8","Cathy","Green","14.415800","-104.946678"
"131","maurice65@yahoo.com","scrypt:32768:8:1$3yk8reWQETUPZyW6$b75fc6214322d0d749bb7fe2a2678e939922030050a3bcb8fbf3cb196c75adaeaa66c415877881bf903c316dc182acb87cb182dbf3857483a64f1b44c3e8d5a1","Lori","Anderson","-58.120988","7.487364"
"132","jasmine05@hotmail.com","scrypt:32768:8:1$57ApwRe7IBwG7Ody$ccf82d0f603f1bce185514308a39d73b1d5d5924761e4f652ff04c207699d847dfe1a7c127c9cadba7652c18de23ae470bee3bcf480c9d564dfa04da8d1b400d","Michael","Murray","-68.4602015","-153.930080"
"133","russellbrian@hotmail.com","scrypt:32768:8:1$SPzzwBB2n6BapRtO$af31c7a6ddd5a7e0e73b3cefc158e3a82386a22e11947c16bb18b65d35813331a1eb12e7a37f71a65691487e7e91d22f226597af53ffc2718024cd35398154a9","Caitlin","Jones","15.727091","117.601672"
"134","marc10@yahoo.com","scrypt:32768:8:1$YBBeokmGNIKxg1Qz$b507cbf5dd3cc5fcf8070b2a90c4c13cad37da4f35c44764732fc4f8114b60f789e82a843d7c02ccbedb0fbb5425afcb53de80d056f36571549671b5c422d87a","Shelby","Haynes","-72.4065655","144.686496"
"135","hjohnson@gmail.com","scrypt:32768:8:1$ADoPVBmrhIrc6f9k$f23147a4bb7ab83358521182bd48219807d4303a97f28e74c274d6fde8d49aa38c6cefa84fbdeeb7f5833197df98f9164183817940217e0cce8dfc11c6adbf63","Leslie","Burns","-35.029097","-179.995438"
"136","pstevens@yahoo.com","scrypt:32768:8:1$QwBoNrCz7X8DRKYW$84276074b83eb363fd305ff1d52c9945db9adc532c9c45991ba2d1c830e108849813c36e8e392b72d3bc230c522eba8dd23d68a1b1eb337cc71104491beac038","Timothy","Schmidt","34.586551","-173.185884"
"137","allenjames@yahoo.com","scrypt:32768:8:1$VouoNJ7qwealjKOm$bc9ee19c197b226b7ef8a1e1a0389a4c5f4bd4aa91adf3a0da09fc27e2644495ed5cfbddca8fd42e8ecf2158ae2eb294a80c6f79d97bfdd11389bba27bbc7542","Kathleen","Long","-5.3335925","91.776347"
"138","rachelwilson@hotmail.com","scrypt:32768:8:1$Ey5mpZo8w3n9tipo$ad1629f415e62ab16ef42da116ec85e27dbbed6cd3988c071283db21843b284e6fbb636a06d6bb7a417c97dfa3d9728b26f1f8cab914f8b6b422fb91aa1ba4a2","Angela","Fox","78.5505785","-10.489006"
"139","timothy68@gmail.com","scrypt:32768:8:1$ZjWIFNus0nUqU9wP$a76999b5abd055870036d809332e42272c6c20288bdccd2332109caa9ae86fa18a8a80cdc25599dd0d326d8ab0dcb7e2d2284a8b762e0c0af8b0ab7b72c90ecc","Mr.","Miller","-76.5842315","169.270008"
"140","mackenziewheeler@hotmail.com","scrypt:32768:8:1$QC3GHzOpV3E8poCz$0e8a4f24b4375442f81ecb4c497c8c7a181cbf5e2c54ed16a3a774d9e9b7efff30f9f2f050d914166317c6c09c5937a26f406cbe6542c2ee4817882dc3c9ab35","Tracey","Jordan","68.8788465","-1.729550"
"141","lewisnicole@gmail.com","scrypt:32768:8:1$68WAs9kx6CsmeOiy$919d834a7696b33e887533f80a71d6c665fe6f49ad44dbdcf964fad5fcfabf4f73af61d0e1493100d6a6b8defe97988a6bd2c2de6221b7d9f715e3c3ea115684","Eduardo","Ray","73.1718515","-174.461292"
"142","rodriguezjimmy@hotmail.com","scrypt:32768:8:1$2HGWDacTTC1LAOiU$721c113e5d22243edd6e74d90443997bc288dc58c04aff6ff34034e0b2be48e4d965013192801df212c86097c3f2016671dd939a01982f2480cd09e702c02fc9","Kari","Frazier","24.5839745","124.669108"
"143","jacob18@hotmail.com","scrypt:32768:8:1$mEr8ClZLSOLnRa82$73c7033c0b2e17f24fb8fe0bbe59fdb564d5813ddd83c20a0cee63426ecc16a4185e2e203f916cf7bef5d33033ec98fc09a61df0457aca514bba4485b0e95b95","Justin","Thompson","-39.100850","-23.756348"
"144","judith06@yahoo.com","scrypt:32768:8:1$edEnTaY1rpAv5eHn$008602f6617f5e569e9a1e70206c39c2f199a0f8204487e3dc076723994462061b227d589cfb5c822477483a0d6c2b211a74401970267707c67e45cf27b28a05","Julie","Warren","33.257496","106.950857"
"145","vanessa40@yahoo.com","scrypt:32768:8:1$RtDcsKOpp3nc7hZ6$44a8e957da02ac3ba11cd27c83a7f4dda49f6e2c505a8997a1bd08a8d370d59970a303f92a66091e0c75b98d01c0f5d6979965c9a7a61ca1f5f198c213ed99d9","Kelli","Reynolds","53.394926","93.662679"
"146","bherman@hotmail.com","scrypt:32768:8:1$0a9Ud9PTmbijE2OH$6ad9f532ec1abae5feedcf7199c31fcc361febf095d6a190ec9f21a2d0c3870bb178c98b1d15df1148ce8ce3b4abfb7f4cede230c3ba72597f9e08a6d2f6ec78","Paige","Mckee","8.5579355","35.310899"
"147","mary65@gmail.com","scrypt:32768:8:1$iygUPqCjIx35pjvs$d0b2394712fce3bb6f31434b928e71e788ae66c981da32590be91be42a15222e99281d549829562402b149b078f59cd607e3601e75bfaccbd2ef30df4396d5d2","Mario","Turner","-67.232276","10.610278"
"148","wgraham@hotmail.com","scrypt:32768:8:1$o7og0ZS4Qvhth330$0a355479c990a7c32a2538c1f3b4461dfa68c324137e0c524f386c0a264d125584f78cf52da0b7a0bc48fb18fb938829e59d2b7c544dc7e56a3e51960054ded5","Erin","Miller","-70.5688325","138.548274"
"149","ddavies@yahoo.com","scrypt:32768:8:1$RcrUY75pNkBRWfup$24f9881fb23e3111570ef95a3bbd82608cbb7b586ae63c14db0cb97dc89d8d8ef5feeb8adc045b0575da49d4cc17a1005ae5db9674989026fa9a32f4472384fa","Riley","Sanchez","-11.6333165","177.667219"
"150","gstevenson@yahoo.com","scrypt:32768:8:1$piyqNfVIweIuczBM$f63d9ee1bf87f16e45d57beea88b99cd92a3677e91e98d8c8e12a3951f5b9e2e0982d2f7afd37d7662b140a17081ff0e498de4b33c75431fdf5872de84878bfc","Claudia","Montgomery","-48.317499","24.093284"
"151","joshuacurtis@hotmail.com","scrypt:32768:8:1$XfNSEHFvcim734a1$4266a8d252129fed2f17fbe4e4c5106b8fd4bde639bd5900f5858cecdd6b356eb6c0c435cd80fd2b112bc0b19b191462f5d09251763a4bb4d4ea7c3b036caa31","Melissa","Schroeder","-52.7719625","111.839951"
"152","wallacetina@hotmail.com","scrypt:32768:8:1$2I5eZagZn2HOLNZp$113a40dc704e65a3444cef4301fa6d79fc70dc94923b06956e2b52c8cb4141b8245c0978054b0d14db9ac321560365374cd1f0df79b938e9db5b84872a972ad2","Steven","Singh","-44.031557","-16.205507"
"153","qbrown@gmail.com","scrypt:32768:8:1$MI2L4zZUQ574cP2p$9093ec0abe0b81fe38d354acd5df932c8c85973f94024f05be8e1baf393ef1813b3bc614a0e7e36b3351d7bb9cbadbf9b5d8d5b9e5d0bfcaa1ad2cc78e982ebe","Theodore","Brandt","-46.4977945","-172.936629"
"154","mshelton@gmail.com","scrypt:32768:8:1$eKZt8A9Kcm79gZgk$a0b7473443dc7375e90085198b1889c1689b59c0aa066d179f716a943617c6e46ee60ed82199165382d87c12e11bd8f0498932d37face93aa86b02d8c00306e7","Laura","Powell","41.312347","45.342901"
"155","clarkenancy@gmail.com","scrypt:32768:8:1$mIZdIxOmamIivULp$144c991d34d01153af8d1f3a4a9a2493c488476fee9b2e5c1543f1336a841dcb8db363280ff672dff1ce98b80d01b9037844a789e2371db43627fce136dd09d4","John","Allen","66.6547805","153.001494"
"156","anthonybenson@gmail.com","scrypt:32768:8:1$NFKDxvDhQ8N0aCeo$f8b5fafa19d2691ba597c07cb213f33c3e12601218158c2a5cfc1e0fcfd220fa59600a4c5c1c64be0bff53c3dbd5a573491b378bb7ff5f386bae7c4858660462","Alec","Mitchell","21.388300","144.112222"
"157","iandrews@yahoo.com","scrypt:32768:8:1$IXD5LTQLiYVMcyZQ$0ae75ce4c57da206856a700d6335674d6ceb8f901d9f867c984dca1a9f494ef8b821288e35e56201b31be8bc3dbab568d30edad51070a9ccc03731dc35f22cf0","Dennis","Cooper","43.2615545","39.742270"
"158","olivianelson@gmail.com","scrypt:32768:8:1$oRUukMvdRstsgbKe$28aa014ca77b3df56d1c899e8368ed19e6dbdb2c63fc01d393898c83da00c09008370fe20e52cf26e6f4634ccf4fcbb80f5a0a8dffccb505b6c555a445ee4ee8","Cole","Hays","-49.594190","-117.233323"
"159","rebecca70@yahoo.com","scrypt:32768:8:1$AtODVvMYtOCLeKMR$ef2e9e347a05da778f339a223de4c1046b82599d1edb21d2827822499126c30f0c2cc486e57745bf3e58c8bcb1416e6ee8cc95a7b661ebd8585439af82a0b450","Carlos","Gilbert","-38.540573","78.391375"
"160","melindanelson@yahoo.com","scrypt:32768:8:1$MnxiaMWFjR7cw5W1$1a688c797c0e182e611282c4722f69377d76cbe823fadf8b5022847cc7e9b1414de72518950011878eefcb19d9e833484c2c179bbdb5271ce10e7a77721cefa0","Robert","Chavez","-50.580323","21.556230"
"161","paul95@yahoo.com","scrypt:32768:8:1$OGhmKOmtoOrsnSP5$ed21a874065c1cbdf08a4e3d0f799ff716030bcf4d3a1e8056140aa3afdeb6dafcb299bd5c8a55de0a68d8bcfcf12b6a33d38bf8034ecf116d6890463e73d677","Jerry","Coleman","49.592402","122.257103"
"162","browndawn@hotmail.com","scrypt:32768:8:1$dIV2yPhsfNEuQxWl$400d0ecd3e80c73f70d37deeb7b7575c065ea821fe3e1dac241104f735dd852acbb47f87d6d305aa41a3724a151b04a67cf5cead256c3625bf0a6c5e8b686491","Amanda","Johnson","-77.7881035","-108.075699"
"163","shellychandler@hotmail.com","scrypt:32768:8:1$ixAeuNqNpygrjfMU$cc38b5bedb9813128c9ad19668308e2f41709d1a8ab12fec9a61b95300c72666a9fa84712c6d13e36ba6f53260dc3104d6f30aa8c2c4407ee81d35d781bbcd36","Cameron","Martinez","-89.487967","175.497631"
"164","khanbobby@gmail.com","scrypt:32768:8:1$phNYdoFIrb7g3XhJ$7ba37db613d787630a0559b166d6eb4b3d977268e23b4c20a0949f47349287895d8bff37ea358088806ef8954878e01d28970ce777d94dee26008c43ff87ff02","Megan","Campbell","-82.0186885","-148.748682"
"165","calvinross@hotmail.com","scrypt:32768:8:1$3WF8FuFOlYfs6IS4$80e806df92cb230f7e4204e197c361d675f8b76e0ffac553f883bcad806996ba801c9c84fe58e30d62ec9a570aa1d51dc0e2c6e92f8c24889269df52fcf1ef01","Sheila","Mitchell","-86.073800","-144.853179"
"166","andersonrachel@gmail.com","scrypt:32768:8:1$8hleluQIUqXWMO6u$f4e6322977d6c4b4abe1311a4fcb4d00981fd8772eeeedd45c1b7ddf6870a63d985861c84306c05a538263c908ddc84bf1c5c558ed59adc2f0f244ee5345f7f4","Stephen","Ramsey","-34.944627","-142.771621"
"167","michaelhart@gmail.com","scrypt:32768:8:1$NJtl3it59E0tPtFr$bd054b68a9f8943fe926d0c0c927c7801091240bda2a30aeb82443427dfe4d5a46cf8052fc039d56fb9442c2bf2f2079646b07032910e5f18943010d326c2b16","Tamara","Anderson","-37.4415775","-36.172488"
"168","brandonwalker@yahoo.com","scrypt:32768:8:1$evO5eqm4iYIW3lyy$22ff23475ace99ee36412092cdefe19d8bbae9ba32e0c41ec3b06b21a772f144c0beeb8b4702345e3afb1400e67a877cb3be4cfcc376609fc47574a958d2b52e","Phillip","Porter","-52.639278","-24.434703"
"169","dmoreno@hotmail.com","scrypt:32768:8:1$ThZsQAdJtcmvopvB$93bb366a643d977e4ecc6ccaa255380974d0996d538eae511bfc401cf59c89cc722efa648ef2ea7d1ae30bd114586ea0227293474c71163aa7a740b18513f58f","Thomas","Murray","14.311558","128.245433"
"170","haynesdaniel@hotmail.com","scrypt:32768:8:1$cu1POsiukLD5iomb$c716d9da6528bba8fe2e15a0f6271ab7cb61a6e180b23ea2260466d2a155d7224713906d45722ba46167d2f45a1a68fc39a7f3fb1c7a6a2363fcd69c4781f239","Michael","Morales","-49.736327","24.394002"
"171","gsanchez@yahoo.com","scrypt:32768:8:1$xjjgEYLYudOf60FF$0ad932e1f5c607aea8b4a2d97dec8de8ba80f48b5ab69645c0fabeb6e38b196dc2641c4e6afa5415e7c43e795ebac116f7224d2fbd1a5ccbb468a76518d72ef9","Frank","Wilson","-73.9170585","168.544014"
"172","brendan25@hotmail.com","scrypt:32768:8:1$0pb99kLSnlSc2diL$09f860413e57299d9290e2eb5dad9656f81862e223634b0c674a4ee4a237ffcf1f9f302665f97a0d2eb3f5f5cf85c83a968ad3fab0848ab44f055553e72c6e6a","William","Martinez","57.1032005","-163.645856"
"173","margaret55@yahoo.com","scrypt:32768:8:1$3SyDndavYJZqhLvh$37865a1ac52e0656708e097a4dafdb53c2d6cea619b49ac5a53c31b52a9c44a6595edd2109d1ee843e82fa9223a2d017f0748e3f2b04fbf49ebbef4d6bebd19e","Christopher","Conley","53.4531905","-18.340478"
"174","goldenmelissa@gmail.com","scrypt:32768:8:1$q72tbbwcVopPeETB$548a52300b110105b2f0b7836c28aadaab423f1b91731fe33d2a428b008dba26c9010cca9fa2ebcfb26c9e3712902cdf0c1a81ba3beece3e660684e03a350868","Antonio","Parrish","65.343506","163.282145"
"175","campbelllaura@yahoo.com","scrypt:32768:8:1$kLvHcQRT07Doi9mf$a8b40e8c376c5f2651d542efb50678099c932a0351f935e58d4a673f2b7126d30d9035d9c85e2764fb059b4de6bf550b4e5a7910c35379167044385c5ee9f27b","Joe","Zimmerman","-79.8205945","-37.262833"
"176","jlucas@yahoo.com","scrypt:32768:8:1$DOTbGclCqo0GiSPX$44597bfda991a732b9fef1ef0b283305c1f798f1ae57dc6f42f8d3c6791fd902d2412a976e295594ec83372a42a6b934db0ac87a0d15122e233ebe4a84726930","Lindsey","Nguyen","-60.8032225","44.698995"
"177","carla37@yahoo.com","scrypt:32768:8:1$pOyWay4fIeySisWQ$bc6956c2439ae7ed72367283b6f068b18b4a9d98295eb50007e6937bc29f44c981a8c2cd5e3fe7f44c1f02e8c46da807500407c7238d731111c0bae47465c67d","Parker","Jacobson","-76.865181","72.778083"
"178","melissarojas@gmail.com","scrypt:32768:8:1$OxdRA4h6r7zuMWgx$2d30d0a915ed6500aec5d04529c957ea8040068fd310f23e70a74b2a4a2daacb3691c9b05abf0766ea1040c7b4e1c443801d6274d921f75117c2196f1732ea0f","Joseph","MD","-56.015589","-116.658041"
"179","kingemily@gmail.com","scrypt:32768:8:1$EEIqO4oN8adcrWfH$8256f25e468deedacb7ee5bfccacb094680d0aa43dda804b14553f23d50ccc0f8dd51f109ba07f4676fdb8c60d8c8e32fe4875edd188ec6425b37439087452a2","Mrs.","DDS","-10.356915","38.121094"
"180","emily36@hotmail.com","scrypt:32768:8:1$HBJyCzhpZjMgLqJG$6c282b0c74c53256b7f2a37f46f30b1842cff6b597a22fc3637c2e1195720199f1ca2ba45745795645d75a5aea768f09e59dbdf6971c81c4aab12f3c17206098","Michael","Schultz","-65.733581","146.938343"
"181","cbyrd@hotmail.com","scrypt:32768:8:1$6g9qGVh6ewuytilb$ecd5acc58dee7dabd72dd54938d340d6e30fba3ce6c6f9200eaaa74952b98099ebf36c763b8a7f82f800011d5b8140f77a5ef296287302d47ccd3b1f129f8f86","Jessica","Rodriguez","-14.6377875","-163.376501"
"182","daniel79@gmail.com","scrypt:32768:8:1$kHY55IbVeIIG1u2v$3fcc7bd3539362d84be5b407d0c446228a6d1c73fe9689e45073bbf714c0d7efb4860d03bf50183aec51ddf56d9c913494c5e0cb455f4f3baeae3369830cad85","Noah","Hicks","17.658545","8.781034"
"183","kirk96@yahoo.com","scrypt:32768:8:1$WJgnHdtnhxWiQcii$df46a7e4241dc2ddfde01f17638b31e4423ca68b1e84f6b9ef84c754dc7a59625a5938d61a10310d871b4ca72b9d8aaac0778a626bc1db54fd06f4334751d381","Gregory","Carter","-11.465593","-140.487828"
"184","jacob15@hotmail.com","scrypt:32768:8:1$BrbjRwB4JRiSDfy6$cc50964ab6a6fbf7151b8658d0462f598864bf63afee7f670596e58bbce9ec46c5b9f2148fc8b9fea2cc808a0082e6b9207498c9d96fc2d1a6ce9b39f156551e","Mary","Powell","-75.9660375","-136.987306"
"185","jwells@gmail.com","scrypt:32768:8:1$iSfe7cgZWqwSQnZV$092319c5b081a3ad430f23aca177a68cf7fb88507f0f33a419b5eb7650a6cffeb6bfba9520e19d4e3220bb71c45aa31dd0ccc7823821c6c39d7302bbb21f5750","Daniel","Ward","-11.9818205","-37.018811"
"186","kellycruz@hotmail.com","scrypt:32768:8:1$Yw8IsTD60leoDipo$3d528b4118c02d490a9b62333920b1f8f97b3d13873a4e3221c7014f863b8a3ed8edb30c26b9639a51cfbaff7fcdd4fdede928ce9630494d2327ec7d50b795a0","Darlene","Watson","-22.1734965","23.559433"
"187","fblair@gmail.com","scrypt:32768:8:1$ysGYfk7OYhNnEw3S$8b35322c574f78cda05fa02184ed7d45ca146ffeceedaee19f56f1a3a5cad670cdd355758c65a1acd6145d80b5a6148711fe21e54415b782b79a2b045be247cd","Krista","Casey","-86.5599785","-66.200833"
"188","brian63@yahoo.com","scrypt:32768:8:1$maIjfwX1TlvLS2zD$f448394ce24d2f8d116988f88cad412c2fd9e05a77a8642498d8408863622a1567b3cf50433ebe48133eaa312a64346f0f1d94778f1dee4d0d47b027265ca7d8","Daniel","Torres","72.4819065","177.573809"
"189","marcus85@hotmail.com","scrypt:32768:8:1$xK4LpE9YKGLHiLyf$8145de90859e22c1382d17bc9906b7f692dcd28b95c277a501f00a5dfe1553d8b1ee3d75b4603d0d9e97efabd9a17daa13f07a4a0be345b74fa49358a5022abf","Andrew","Vaughan","-17.464781","-8.965389"
"190","martinmary@gmail.com","scrypt:32768:8:1$V7xBSyJGfkL7NSAK$79d482e01f13db973aeae1b5863a9ef0301610655e7c1838af1eb9db0c4853131e7d97c6245316828ff067082493651023704959926145dc084c711f17783d66","Emily","Houston","-16.9729935","-120.850784"
"191","linda03@yahoo.com","scrypt:32768:8:1$2bbKpIS8DmYkImFn$f02a4d5135c234a6553b8f3b2e004c3ac489e40536da8e377b3c38382d82b3e51636b21bdf9d6d4fd07d425102f264492be6866d5851b582db67ea846005f380","Thomas","Harrison","-72.860755","159.530620"
"192","michael33@hotmail.com","scrypt:32768:8:1$JCGmdZwx5PkTP9W6$03d2138d349e28c1f100efe4f2b06a86658f919b94f818714e754c3114e4160a3128ffa24c1808b785a606429573a0c7fa524293fa9e75b6719c564b3d1737c4","Karen","Carrillo","87.0869665","74.030275"
"193","robertsamber@hotmail.com","scrypt:32768:8:1$DVdycu9s4TZoeDvU$0ad3a0ff89b8d778c60ddf75e7d45ae33f365c0ef90f34e4be15cba3b2383e8d2d6018ac92ce3d18ca80f90d60e39afebbf54c30a61997f8c5b4dc34f7bae0d0","Elizabeth","Rhodes","74.759640","-16.862770"
"194","patelchristie@yahoo.com","scrypt:32768:8:1$JGjzaPBiKWkRsdTo$8e84f1bbb7880efdd8d4eaae787073ce4b5c5f65521dc9fcdee212381cb495ef72b12b856b9edbce9956923ffcf5060efefa13598d9984ab84ca7d2e2ff3c2d4","Marissa","Gonzales","37.7972845","67.158709"
"195","moorechristina@yahoo.com","scrypt:32768:8:1$9RoTb147PEft05bX$759db503834dd81015e946624c500ae1d31a64c92dfae6e9987dcba8dd73df805288b7d413b061d831d29d0f9e8313e8a5198548a7ed301c03c58f00c0b115ac","Richard","Cortez","61.8330865","146.039162"
"196","david24@hotmail.com","scrypt:32768:8:1$mVF4KNvDqrA5JBAv$34c5267959b81c82c1f279aa0632480cac66681020b8e78ea935cdee0519dae8d29adc80c0e128b5d160a24e1eb0395627cf0222e7285dc280645c98c2fa0a05","Daniel","Castillo","-40.7559605","99.748944"
"197","ambermurray@gmail.com","scrypt:32768:8:1$cPxtpYPoPrun0ffy$e04c6847ab534378c7a5b7d89d705ef15358c3ffcb886b74570fb2a4fceaeed1d2d84583731e402f6bd7684771f022e560c2954f61db470c09e688e9f1bf370a","Lisa","Lewis","53.7190385","154.016172"
"198","whitedonna@yahoo.com","scrypt:32768:8:1$Ws9NtMNVa72rCJlS$49fbb8e7ca318984f2d356e8cdfe0ab1205bb207c6e44aec96d7dfc3cd61343391ba70952dcd38ed6b8d988d49d812b6986b4d7669ec0bcb656d33f132fb11e9","Eric","Robinson","-41.334661","-179.295642"
"199","gabrielaroy@yahoo.com","scrypt:32768:8:1$dfBHVIp0nzkF0WCu$6a2215a348c46916cbcde65eb819b55b7553a98480f4622add9199f75c0811248958b0dc2e639bc3b0ae3df4a933b148e253dddbbb5cfe8f8cffe60e55977124","Tyler","Brown","-1.0654465","-125.359347"
